"Address","Content Type","Status Code","Status","Indexability","Indexability Status","All Violations","Best Practice Violations","WCAG 2.0 A Violations","WCAG 2.0 AA Violations","WCAG 2.0 AAA Violations","WCAG 2.1 AA Violations","WCAG 2.2 AA Violations","PSI Request Status"
"https://unityverseacademy.com/","text/html; charset=utf-8","200","OK","Indexable","","","","","","","","",""
"https://unityverseacademy.com/kategori/animasyon-egitimleri-248/","text/html; charset=utf-8","200","OK","Indexable","","","","","","","","",""
"https://unityverseacademy.com/urun/autodesk-fusion-360-endustriyel-urun-tasarimi-uzmanligi-canli-online-egitimi-584/","text/html; charset=utf-8","200","OK","Indexable","","","","","","","","",""
"https://unityverseacademy.com/urun/desinatorluk-canli-online-egitimi-563/","text/html; charset=utf-8","200","OK","Indexable","","","","","","","","",""
"https://unityverseacademy.com/sayfa/iptal-ve-iade-kosullari-28/","text/html; charset=utf-8","200","OK","Indexable","","","","","","","","",""
"https://unityverseacademy.com/kategori/oyun-gelistirme-egitimleri-244/","text/html; charset=utf-8","200","OK","Indexable","","","","","","","","",""
"https://unityverseacademy.com/sayfa/uyelik-sozlesmesi-ve-gizlilik-politikasi-27/","text/html; charset=utf-8","200","OK","Indexable","","","","","","","","",""
"https://unityverseacademy.com/urun/unity-ile-oyun-gelistirme-canli-online-egitimi-staj-garantili-17/","text/html; charset=utf-8","200","OK","Indexable","","","","","","","","",""
"https://unityverseacademy.com/kategori/mimarlik-egitimleri-259/","text/html; charset=utf-8","200","OK","Indexable","","","","","","","","",""
"https://unityverseacademy.com/sayfa/hakkimizda-25/","text/html; charset=utf-8","200","OK","Indexable","","","","","","","","",""
"https://unityverseacademy.com/blog-detay/suleyman-ozgonul-oyun-gelistiricilikte-zirveye-giden-yol-129/","text/html; charset=utf-8","200","OK","Indexable","","","","","","","","",""
"https://unityverseacademy.com/urun/profesyonel-3b-modelleme-dijital-sanat-programi-online-1/","text/html; charset=utf-8","200","OK","Indexable","","","","","","","","",""
"https://unityverseacademy.com/kategori/mimarlik-egitimleri-ozel-ders-274/","text/html; charset=utf-8","200","OK","Indexable","","","","","","","","",""
"https://unityverseacademy.com/blog-detay/filiz-tumuklunun-yazilim-test-otomasyonu-egitimi-ve-kariyer-basarisi-90/","text/html; charset=utf-8","200","OK","Indexable","","","","","","","","",""
"https://unityverseacademy.com/kategori/dijital-pazarlama-egitimleri-255/","text/html; charset=utf-8","200","OK","Indexable","","","","","","","","",""
"https://unityverseacademy.com/kategori/ozel-dersler-256/","text/html; charset=utf-8","200","OK","Indexable","","","","","","","","",""
"https://unityverseacademy.com/urun/2b-cizgi-film-ve-animasyon-uzmanligi-canli-online-egitimi-565/","text/html; charset=utf-8","200","OK","Indexable","","","","","","","","",""
"https://unityverseacademy.com/os/KARIYER-14/","text/html; charset=utf-8","200","OK","Non-Indexable","Canonicalised","","","","","","","",""
"https://unityverseacademy.com/blog-detay/burak-ercayanin-yazilim-test-otomasyonu-egitimi-ve-testiniumdaki-isi-88/","text/html; charset=utf-8","200","OK","Indexable","","","","","","","","",""
"https://unityverseacademy.com/sayfa/kisisel-verilerin-korunmasi-hakkinda-aydinlatma-bildirimi-29/","text/html; charset=utf-8","200","OK","Indexable","","","","","","","","",""
"https://unityverseacademy.com/blog-detay/elif-arslanin-yazilim-gelistirici-olarak-ayakkabi-dunyasindaki-baslangici-94/","text/html; charset=utf-8","200","OK","Indexable","","","","","","","","",""
"https://unityverseacademy.com/kategori/muhasebe-ve-ofis-egitimleri-258/","text/html; charset=utf-8","200","OK","Indexable","","","","","","","","",""
"https://unityverseacademy.com/blog-detay/oguzhan-durakin-grafik-tasarim-ve-video-kurgu-alanindaki-yolculugu-100/","text/html; charset=utf-8","200","OK","Indexable","","","","","","","","",""
"https://unityverseacademy.com/sayfa/mesafeli-satis-sozlesmesi-26/","text/html; charset=utf-8","200","OK","Indexable","","","","","","","","",""
"https://unityverseacademy.com/urun/2b-oyun-karakter-tasarimi-ve-animasyon-canli-online-egitimi-553/","text/html; charset=utf-8","200","OK","Indexable","","","","","","","","",""
"https://unityverseacademy.com/blog-detay/berkay-kurt-multiplayer-oyun-gelistiriciliginde-bir-yildiz-130/","text/html; charset=utf-8","200","OK","Indexable","","","","","","","","",""
"https://unityverseacademy.com/blog-detay/fatih-yilmazin-yazilim-yolculugu-ve-lufthansadaki-basarisi-91/","text/html; charset=utf-8","200","OK","Indexable","","","","","","","","",""
"https://unityverseacademy.com/kategori/3d-modelleme-ozel-ders-273/","text/html; charset=utf-8","200","OK","Indexable","","","","","","","","",""
"https://unityverseacademy.com/tum-urunler/","text/html; charset=utf-8","200","OK","Indexable","","","","","","","","",""
"https://unityverseacademy.com/kategori/endustriyel-urun-tasarim-egitimleri-253/","text/html; charset=utf-8","200","OK","Indexable","","","","","","","","",""
"https://unityverseacademy.com/sayfa/kvkk-aydinlatma-metni/","text/html; charset=utf-8","200","OK","Non-Indexable","Canonicalised","","","","","","","",""
"https://unityverseacademy.com/kategori/ses-tasarim-egitimleri-251/","text/html; charset=utf-8","200","OK","Indexable","","","","","","","","",""
"https://unityverseacademy.com/kategori/yazilim-egitimleri-ozel-ders-268/","text/html; charset=utf-8","200","OK","Indexable","","","","","","","","",""
"https://unityverseacademy.com/blog/","text/html; charset=utf-8","200","OK","Indexable","","","","","","","","",""
"https://unityverseacademy.com/blog-detay/gorkem-tekinin-vakif-katilimdaki-backend-developer-yolculugu-96/","text/html; charset=utf-8","200","OK","Indexable","","","","","","","","",""
"https://unityverseacademy.com/os/KURUMSAL-EGITIMLER-10/","text/html; charset=utf-8","200","OK","Non-Indexable","Canonicalised","","","","","","","",""
"https://unityverseacademy.com/kategori/grafik-tasarim-ozel-ders-269/","text/html; charset=utf-8","200","OK","Indexable","","","","","","","","",""
"https://unityverseacademy.com/urun/grafik-tasarim-ve-video-efekt-uzmanligi-canli-online-egitimi-staj-garantili-564/","text/html; charset=utf-8","200","OK","Indexable","","","","","","","","",""
"https://unityverseacademy.com/blog-detay/begum-kiroglunun-grafik-tasarim-ve-video-kurgu-alanindaki-yolculugu-98/","text/html; charset=utf-8","200","OK","Indexable","","","","","","","","",""
"https://unityverseacademy.com/urun/c-programlama-canli-online-egitimi-10/","text/html; charset=utf-8","200","OK","Indexable","","","","","","","","",""
"https://unityverseacademy.com/kategori/dil-egitimleri-257/","text/html; charset=utf-8","200","OK","Indexable","","","","","","","","",""
"https://unityverseacademy.com/urun/dijital-oyun-muzigi-teknikleri-canli-online-egitimi-650/","text/html; charset=utf-8","200","OK","Indexable","","","","","","","","",""
"https://unityverseacademy.com/blog-detay/suat-erizin-ayes-celikteki-yazilim-gelistirici-ve-kalite-kontrol-gorevi-97/","text/html; charset=utf-8","200","OK","Indexable","","","","","","","","",""
"https://unityverseacademy.com/urun/grafik-tasarim-ve-video-efekt-uzmanligi-yuz-yuze-egitimi-staj-garantili-613/","text/html; charset=utf-8","200","OK","Indexable","","","","","","","","",""
"https://unityverseacademy.com/urun/unity-ile-oyun-gelistirme-yuz-yuze-egitimi-staj-garantili-598/","text/html; charset=utf-8","200","OK","Indexable","","","","","","","","",""
"https://unityverseacademy.com/urun/blender-3b-oyun-modelleme-canli-online-egitim-2/","text/html; charset=utf-8","200","OK","Indexable","","","","","","","","",""
"https://unityverseacademy.com/urun/yazilim-uzmanligi-yuz-yuze-egitimi-staj-garantili-669/","text/html; charset=utf-8","200","OK","Indexable","","","","","","","","",""
"https://unityverseacademy.com/kategori/grafik-tasarim-egitimleri-246/","text/html; charset=utf-8","200","OK","Indexable","","","","","","","","",""
"https://unityverseacademy.com/blog-detay/enes-bugra-cengizin-full-stack-developer-yolculugu-93/","text/html; charset=utf-8","200","OK","Indexable","","","","","","","","",""
"https://unityverseacademy.com/kategori/matematik-ozel-ders-267/","text/html; charset=utf-8","200","OK","Indexable","","","","","","","","",""
"https://unityverseacademy.com/urun/yazilim-test-otomasyonu-egitimi-canli-online-egitimi-staj-garantili-7/","text/html; charset=utf-8","200","OK","Indexable","","","","","","","","",""
"https://unityverseacademy.com/sayfa/iletisim-5/","text/html; charset=utf-8","200","OK","Non-Indexable","Canonicalised","","","","","","","",""
"https://unityverseacademy.com/kategori/oyun-gelistirme-ozel-ders-272/","text/html; charset=utf-8","200","OK","Indexable","","","","","","","","",""
"https://unityverseacademy.com/blog-detay/arda-bickinnin-yazilim-test-otomasyonu-egitimi-ve-testiniumdaki-staj-sureci-89/","text/html; charset=utf-8","200","OK","Indexable","","","","","","","","",""
"https://unityverseacademy.com/blog-detay/osman-derebasinin-grafik-tasarim-ve-video-kurgu-alanindaki-yolculugu-101/","text/html; charset=utf-8","200","OK","Indexable","","","","","","","","",""
"https://unityverseacademy.com/kategori/senaryo-sinema-ve-yonetmenlik-egitimleri-252/","text/html; charset=utf-8","200","OK","Indexable","","","","","","","","",""
"https://unityverseacademy.com/kategori/yazilim-egitimleri-245/","text/html; charset=utf-8","200","OK","Indexable","","","","","","","","",""
"https://unityverseacademy.com/urun/2026-python-bootcamp-sifirdan-python-canli-online-egitimi-8/","text/html; charset=utf-8","200","OK","Indexable","","","","","","","","",""
"https://unityverseacademy.com/kategori/3d-modelleme-egitimleri-247/","text/html; charset=utf-8","200","OK","Indexable","","","","","","","","",""
"https://unityverseacademy.com/kategori/staj-garantili-egitimler-266/","text/html; charset=utf-8","200","OK","Indexable","","","","","","","","",""
"https://unityverseacademy.com/sayfa/egitmenler-10/","text/html; charset=utf-8","200","OK","Non-Indexable","Canonicalised","","","","","","","",""
"https://unityverseacademy.com/blog-detay/emre-gungorun-sps-senurdaki-robotic-system-developer-yolculugu-95/","text/html; charset=utf-8","200","OK","Indexable","","","","","","","","",""
"https://unityverseacademy.com/blog-detay/can-kalyoncuoglu-hayallerden-gerceklere-128/","text/html; charset=utf-8","200","OK","Indexable","","","","","","","","",""
"https://unityverseacademy.com/urun/rhino-egitimi-24-saat-online-ozel-ders-1131/","text/html; charset=utf-8","200","OK","Indexable","","","","","","","","",""
"https://unityverseacademy.com/urun/unity-ile-oyun-gelistirme-yuz-yuze-ozel-ders-1045/","text/html; charset=utf-8","200","OK","Indexable","","","","","","","","",""
"https://unityverseacademy.com/urun/revit-egitimi-yuz-yuze-1581/","text/html; charset=utf-8","200","OK","Indexable","","","","","","","","",""
"https://unityverseacademy.com/blog/10/","text/html; charset=utf-8","200","OK","Indexable","","","","","","","","",""
"https://unityverseacademy.com/urun/autodesk-fusion-360-endustriyel-urun-tasarimi-uzmanligi-yuz-yuze-ozel-ders-20-saat-1591/","text/html; charset=utf-8","200","OK","Indexable","","","","","","","","",""
"https://unityverseacademy.com/urun/adobe-photoshop-onlinecanli-egitim-779/","text/html; charset=utf-8","200","OK","Indexable","","","","","","","","",""
"https://unityverseacademy.com/urun/mimarlik-ic-mimarlik-icin-3d-tasarim-ve-gorsellestirme-egitimi-online-1549/","text/html; charset=utf-8","200","OK","Indexable","","","","","","","","",""
"https://unityverseacademy.com/urun/fen-bilimleri-egitimi-ozel-ders-1430/","text/html; charset=utf-8","200","OK","Indexable","","","","","","","","",""
"https://unityverseacademy.com/os/kariyer-is-14/","text/html; charset=utf-8","200","OK","Indexable","","","","","","","","",""
"https://unityverseacademy.com/urun/3ds-max-corona-ile-fotogercekci-mimari-gorsellestirmeegitimi-online-1614/","text/html; charset=utf-8","200","OK","Indexable","","","","","","","","",""
"https://unityverseacademy.com/urun/microsoft-office-egitimi-10-saat-1639/","text/html; charset=utf-8","200","OK","Indexable","","","","","","","","",""
"https://unityverseacademy.com/urun/cocuk-ve-gencler-icin-unity-ile-oyun-gelistirme-yuz-yuze-egitimi-1042/","text/html; charset=utf-8","200","OK","Non-Indexable","Canonicalised","","","","","","","",""
"https://unityverseacademy.com/urun/mimarlik-ic-mimarlik-icin-3d-tasarim-ve-gorsellestirme-egitimi-yuz-yuze-120-saat-1577/","text/html; charset=utf-8","200","OK","Indexable","","","","","","","","",""
"https://unityverseacademy.com/urun/yapay-zeka-destekli-unity-ile-oyun-gelistirme-egitimi-online-1682/","text/html; charset=utf-8","200","OK","Indexable","","","","","","","","",""
"https://unityverseacademy.com/urun/ic-mimarlik-ve-dekorasyon-egitimi-1132/","text/html; charset=utf-8","200","OK","Indexable","","","","","","","","",""
"https://unityverseacademy.com/urun/unreal-engine-ile-oyun-gelistirme-150-saatlik-kapsamli-blueprintmufredati-online-1028/","text/html; charset=utf-8","200","OK","Indexable","","","","","","","","",""
"https://unityverseacademy.com/urun/flutter-ile-mobil-uygulama-gelistirme-canli-online-egitimi-557/","text/html; charset=utf-8","200","OK","Indexable","","","","","","","","",""
"https://unityverseacademy.com/urun/unity-ile-oyun-gelistirme-online-ozel-ders-1256/","text/html; charset=utf-8","200","OK","Indexable","","","","","","","","",""
"https://unityverseacademy.com/urun/2b-oyun-karakter-tasarimi-ve-animasyon-ozel-ders-1250/","text/html; charset=utf-8","200","OK","Indexable","","","","","","","","",""
"https://unityverseacademy.com/urun/excel-kursu-temelden-ileri-seviyeye-10-saat-1662/","text/html; charset=utf-8","200","OK","Indexable","","","","","","","","",""
"https://unityverseacademy.com/urun/rhino-egitimi-40-saat-online-1507/","text/html; charset=utf-8","200","OK","Indexable","","","","","","","","",""
"https://unityverseacademy.com/urun/almanca-egitimi-ozel-ders-1440/","text/html; charset=utf-8","200","OK","Indexable","","","","","","","","",""
"https://unityverseacademy.com/urun/autocad-elektrik-tesisat-projeleri-egitimi-yapi-denetim-odakli-1637/","text/html; charset=utf-8","200","OK","Indexable","","","","","","","","",""
"https://unityverseacademy.com/urun/gelismis-autocad-elektrik-projeciligi-egitimi-yapi-denetim-odakli-uygulamali-1635/","text/html; charset=utf-8","200","OK","Indexable","","","","","","","","",""
"https://unityverseacademy.com/urun/unreal-engine-5-gorsellestirme-ve-animasyon-yuz-yuze-egitim-1032/","text/html; charset=utf-8","200","OK","Indexable","","","","","","","","",""
"https://unityverseacademy.com/urun/unreal-engine-ile-sanal-gerceklik-vr-ozel-ders-yuz-yuze-egitim-1337/","text/html; charset=utf-8","200","OK","Indexable","","","","","","","","",""
"https://unityverseacademy.com/urun/grafik-tasarim-ve-video-efekt-uzmanligi-canli-online-egitimi-1484/","text/html; charset=utf-8","200","OK","Indexable","","","","","","","","",""
"https://unityverseacademy.com/urun/yonetmenlik-ve-sinematografiye-giris-yuz-yuze-egitimi-620/","text/html; charset=utf-8","200","OK","Indexable","","","","","","","","",""
"https://unityverseacademy.com/urun/zbrush-ile-kuyumculuk-ve-taki-tasarimi-egitimi-online-1536/","text/html; charset=utf-8","200","OK","Indexable","","","","","","","","",""
"https://unityverseacademy.com/urun/unity-ile-oyun-gelistirme-yuz-yuze-ozel-ders-1361/","text/html; charset=utf-8","200","OK","Indexable","","","","","","","","",""
"https://unityverseacademy.com/urun/film-ve-animasyon-icin-storyboard-canli-online-egitimi-551/","text/html; charset=utf-8","200","OK","Indexable","","","","","","","","",""
"https://unityverseacademy.com/urun/autocad-egitimi-1519/","text/html; charset=utf-8","200","OK","Indexable","","","","","","","","",""
"https://unityverseacademy.com/urun/zbrush-ile-organik-modelleme-yuz-yuze-egitimi-590/","text/html; charset=utf-8","200","OK","Indexable","","","","","","","","",""
"https://unityverseacademy.com/urun/yapay-zeka-destekli-unity-ile-oyun-gelistirme-egitimi-yuz-yuze-1680/","text/html; charset=utf-8","200","OK","Indexable","","","","","","","","",""
"https://unityverseacademy.com/urun/ispanyolca-egitimi-ozel-ders-1441/","text/html; charset=utf-8","200","OK","Indexable","","","","","","","","",""
"https://unityverseacademy.com/urun/java-yazilim-egitimi-online-819/","text/html; charset=utf-8","200","OK","Indexable","","","","","","","","",""
"https://unityverseacademy.com/urun/zbrush-ile-organik-modelleme-canli-yuz-yuze-ozel-ders-1533/","text/html; charset=utf-8","200","OK","Indexable","","","","","","","","",""
"https://unityverseacademy.com/urun/unreal-engine-ile-sanal-gerceklik-vr-ozel-ders-online-canli-egitim-1029/","text/html; charset=utf-8","200","OK","Indexable","","","","","","","","",""
"https://unityverseacademy.com/urun/unreal-engine-ile-sanal-gerceklik-ozel-ders-online-canli-egitim-1044/","text/html; charset=utf-8","200","OK","Indexable","","","","","","","","",""
"https://unityverseacademy.com/urun/microsoft-office-egitimi-1123/","text/html; charset=utf-8","200","OK","Indexable","","","","","","","","",""
"https://unityverseacademy.com/blog-detay/zbrush-kursu-egitimi-296/","text/html; charset=utf-8","200","OK","Indexable","","","","","","","","",""
"https://unityverseacademy.com/blog-detay/semantik-teknoloji-depo-stok-takip-uygulamasi-tanitimi-251/","text/html; charset=utf-8","200","OK","Indexable","","","","","","","","",""
"https://unityverseacademy.com/urun/flutter-ile-mobil-uygulama-gelistirme-yuz-yuze-egitimi-606/","text/html; charset=utf-8","200","OK","Indexable","","","","","","","","",""
"https://unityverseacademy.com/urun/lumion-egitimi-1130/","text/html; charset=utf-8","200","OK","Indexable","","","","","","","","",""
"https://unityverseacademy.com/urun/adobe-photoshop-ve-adobe-illustrator-onlinecanli-egitim-1001/","text/html; charset=utf-8","200","OK","Indexable","","","","","","","","",""
"https://unityverseacademy.com/urun/cocuklar-icin-unity-ile-oyun-gelistirme-canli-online-egitimi-1380/","text/html; charset=utf-8","200","OK","Indexable","","","","","","","","",""
"https://unityverseacademy.com/urun/36-saat-kapsamli-zbrush-modelleme-egitimi-online-1540/","text/html; charset=utf-8","200","OK","Indexable","","","","","","","","",""
"https://unityverseacademy.com/urun/unreal-engine-ile-oyun-gelistirme-150-saatlik-kapsamli-blueprintmufredati-yuz-yuze-egitim-1116/","text/html; charset=utf-8","200","OK","Indexable","","","","","","","","",""
"https://unityverseacademy.com/urun/film-ve-animasyon-icin-storyboard-yuz-yuze-egitimi-ozel-ders-1287/","text/html; charset=utf-8","200","OK","Indexable","","","","","","","","",""
"https://unityverseacademy.com/blog-detay/substance-painter-egitimi-286/","text/html; charset=utf-8","200","OK","Indexable","","","","","","","","",""
"https://unityverseacademy.com/urun/fizik-egitimi-ozel-ders-1429/","text/html; charset=utf-8","200","OK","Indexable","","","","","","","","",""
"https://unityverseacademy.com/urun/java-yazilim-egitimi-yuz-yuze-821/","text/html; charset=utf-8","200","OK","Indexable","","","","","","","","",""
"https://unityverseacademy.com/urun/desinatorluk-yuz-yuze-egitimi-612/","text/html; charset=utf-8","200","OK","Indexable","","","","","","","","",""
"https://unityverseacademy.com/urun/zbrush-ile-kuyumculuk-ve-taki-tasarimi-egitimi-yuz-yuze-1535/","text/html; charset=utf-8","200","OK","Indexable","","","","","","","","",""
"https://unityverseacademy.com/urun/ingilizce-egitimi-ozel-ders-1442/","text/html; charset=utf-8","200","OK","Indexable","","","","","","","","",""
"https://unityverseacademy.com/urun/unreal-engine-ile-metaverse-gelistirme-yuz-yuze-egitim-850/","text/html; charset=utf-8","200","OK","Indexable","","","","","","","","",""
"https://unityverseacademy.com/urun/desinatorluk-egitimi-ozel-ders-1412/","text/html; charset=utf-8","200","OK","Indexable","","","","","","","","",""
"https://unityverseacademy.com/urun/it-danismanlik-hizmeti-ozel-ders-1435/","text/html; charset=utf-8","200","OK","Indexable","","","","","","","","",""
"https://unityverseacademy.com/urun/sosyal-medya-ve-google-reklamciligi-yuz-yuze-egitimi-1558/","text/html; charset=utf-8","200","OK","Indexable","","","","","","","","",""
"https://unityverseacademy.com/urun/zbrush-ile-organik-modelleme-canli-online-ozel-ders-24-saat-1297/","text/html; charset=utf-8","200","OK","Indexable","","","","","","","","",""
"https://unityverseacademy.com/urun/3ds-max-corona-ile-fotogercekci-mimari-gorsellestirmeegitimi-yuz-yuze-1615/","text/html; charset=utf-8","200","OK","Indexable","","","","","","","","",""
"https://unityverseacademy.com/urun/unreal-engine-ile-metaverse-gelistirme-online-canli-egitim-851/","text/html; charset=utf-8","200","OK","Indexable","","","","","","","","",""
"https://unityverseacademy.com/urun/veri-yapilari-egitimi-ozel-ders-1433/","text/html; charset=utf-8","200","OK","Indexable","","","","","","","","",""
"https://unityverseacademy.com/urun/zbrush-ile-organik-modelleme-canli-online-ozel-ders-1052/","text/html; charset=utf-8","200","OK","Indexable","","","","","","","","",""
"https://unityverseacademy.com/urun/mimarlik-ic-mimarlik-icin-3d-tasarim-ve-gorsellestirme-egitimi-yuz-yuze-100-saat-1592/","text/html; charset=utf-8","200","OK","Indexable","","","","","","","","",""
"https://unityverseacademy.com/urun/zbrush-ile-organik-modelleme-online-egitimi-1528/","text/html; charset=utf-8","200","OK","Indexable","","","","","","","","",""
"https://unityverseacademy.com/urun/adobe-illustrator-onlinecanli-ozel-ders-835/","text/html; charset=utf-8","200","OK","Indexable","","","","","","","","",""
"https://unityverseacademy.com/urun/unreal-engine-ile-sanal-gerceklik-online-canli-egitim-653/","text/html; charset=utf-8","200","OK","Indexable","","","","","","","","",""
"https://unityverseacademy.com/urun/kurumsal-iletisim-egitimi-ozel-ders-1436/","text/html; charset=utf-8","200","OK","Indexable","","","","","","","","",""
"https://unityverseacademy.com/urun/adobe-photoshop-ve-adobe-illustrator-yuz-yuze-egitimi-1002/","text/html; charset=utf-8","200","OK","Indexable","","","","","","","","",""
"https://unityverseacademy.com/urun/film-ve-animasyon-icin-storyboard-yuz-yuze-egitimi-599/","text/html; charset=utf-8","200","OK","Indexable","","","","","","","","",""
"https://unityverseacademy.com/urun/adobe-photoshop-yuz-yuze-egitim-783/","text/html; charset=utf-8","200","OK","Indexable","","","","","","","","",""
"https://unityverseacademy.com/urun/turkce-egitimi-ozel-ders-1438/","text/html; charset=utf-8","200","OK","Indexable","","","","","","","","",""
"https://unityverseacademy.com/urun/dijital-pazarlama-pazar-yeri-ve-e-ticaret-yoneticiligi-egitimi-25-saat-ozel-ders-1298/","text/html; charset=utf-8","200","OK","Indexable","","","","","","","","",""
"https://unityverseacademy.com/urun/mimarlik-icin-3d-tasarim-ve-gorsellestirme-egitimi-online-120-saat-1578/","text/html; charset=utf-8","200","OK","Indexable","","","","","","","","",""
"https://unityverseacademy.com/urun/lineer-cebir-linear-algebra-egitimi-ozel-ders-1432/","text/html; charset=utf-8","200","OK","Indexable","","","","","","","","",""
"https://unityverseacademy.com/urun/profesyonel-mimari-render-ve-etkilesim-egitimi-online-24-saat-1613/","text/html; charset=utf-8","200","OK","Indexable","","","","","","","","",""
"https://unityverseacademy.com/urun/3ds-max-egitimi-10-saat-ozel-ders-1446/","text/html; charset=utf-8","200","OK","Indexable","","","","","","","","",""
"https://unityverseacademy.com/urun/2b-oyun-karakter-tasarimi-ve-animasyon-ozel-ders-20-saat-1251/","text/html; charset=utf-8","200","OK","Indexable","","","","","","","","",""
"https://unityverseacademy.com/urun/cocuklar-icin-minecraft-ile-kodlama-egitimi-1689/","text/html; charset=utf-8","200","OK","Indexable","","","","","","","","",""
"https://unityverseacademy.com/urun/insan-kaynaklari-egitimi-ozel-ders-1437/","text/html; charset=utf-8","200","OK","Indexable","","","","","","","","",""
"https://unityverseacademy.com/urun/unity-ile-oyun-gelistirme-canli-online-egitimi-8-ay-1479/","text/html; charset=utf-8","200","OK","Indexable","","","","","","","","",""
"https://unityverseacademy.com/urun/proje-yonetimi-egitimi-1126/","text/html; charset=utf-8","200","OK","Indexable","","","","","","","","",""
"https://unityverseacademy.com/urun/yonetmenlik-ve-sinematografiye-giris-yuz-yuze-ozel-ders-1056/","text/html; charset=utf-8","200","OK","Indexable","","","","","","","","",""
"https://unityverseacademy.com/blog-detay/3b-modelleme-egitimleri-zbrush-ileri-seviye-284/","text/html; charset=utf-8","200","OK","Indexable","","","","","","","","",""
"https://unityverseacademy.com/blog-detay/blender-egitimi-3d-modelleme-animasyon-ve-render-rehberi-280/","text/html; charset=utf-8","200","OK","Indexable","","","","","","","","",""
"https://unityverseacademy.com/urun/excel-kursu-temelden-ileri-seviyeye-1122/","text/html; charset=utf-8","200","OK","Indexable","","","","","","","","",""
"https://unityverseacademy.com/blog-detay/3dsmax-kursu-294/","text/html; charset=utf-8","200","OK","Indexable","","","","","","","","",""
"https://unityverseacademy.com/urun/2b-cizgi-film-ve-animasyon-yuz-yuze-egitimi-614/","text/html; charset=utf-8","200","OK","Indexable","","","","","","","","",""
"https://unityverseacademy.com/blog-detay/blender-egitimi-blender-profesyonel-kullanim-rehberi-308/","text/html; charset=utf-8","200","OK","Indexable","","","","","","","","",""
"https://unityverseacademy.com/urun/3ds-max-egitimi-30-saat-ozel-ders-1128/","text/html; charset=utf-8","200","OK","Indexable","","","","","","","","",""
"https://unityverseacademy.com/urun/ayrik-matematik-discrete-mathematics-egitimi-ozel-ders-1431/","text/html; charset=utf-8","200","OK","Indexable","","","","","","","","",""
"https://unityverseacademy.com/urun/unity-ile-oyun-gelistirme-yuz-yuze-egitimi-1481/","text/html; charset=utf-8","200","OK","Indexable","","","","","","","","",""
"https://unityverseacademy.com/urun/autodesk-fusion-360-endustriyel-urun-tasarimi-uzmanligi-canli-online-ozel-ders-1368/","text/html; charset=utf-8","200","OK","Indexable","","","","","","","","",""
"https://unityverseacademy.com/urun/bilgisayarli-muhasebe-egitimi-10-saat-1125/","text/html; charset=utf-8","200","OK","Indexable","","","","","","","","",""
"https://unityverseacademy.com/urun/diferansiyel-denklemler-egitimi-ozel-ders-1434/","text/html; charset=utf-8","200","OK","Indexable","","","","","","","","",""
"https://unityverseacademy.com/urun/unreal-engine-ile-oyun-gelistirme-ozel-ders-online-canli-egitim-100-saat-1303/","text/html; charset=utf-8","200","OK","Indexable","","","","","","","","",""
"https://unityverseacademy.com/urun/yonetmenlik-ve-sinematografiye-giris-canli-online-egitimi-585/","text/html; charset=utf-8","200","OK","Indexable","","","","","","","","",""
"https://unityverseacademy.com/urun/egitim-koclugu-ozel-ders-1439/","text/html; charset=utf-8","200","OK","Indexable","","","","","","","","",""
"https://unityverseacademy.com/urun/grafik-tasarim-ve-video-efekt-uzmanligi-yuz-yuze-egitimi-1489/","text/html; charset=utf-8","200","OK","Indexable","","","","","","","","",""
"https://unityverseacademy.com/urun/36-saat-kapsamli-zbrush-modelleme-egitimi-yuz-yuze-1539/","text/html; charset=utf-8","200","OK","Indexable","","","","","","","","",""
"https://unityverseacademy.com/urun/matematik-egitimi-ozel-ders-1428/","text/html; charset=utf-8","200","OK","Indexable","","","","","","","","",""
"https://unityverseacademy.com/blog-detay/maya-egitimi-285/","text/html; charset=utf-8","200","OK","Indexable","","","","","","","","",""
"https://unityverseacademy.com/urun/revit-egitimi-online-1129/","text/html; charset=utf-8","200","OK","Indexable","","","","","","","","",""
"https://unityverseacademy.com/sayfa/hakkimizda/25/","text/html; charset=utf-8","200","OK","Non-Indexable","Canonicalised","","","","","","","",""
"https://unityverseacademy.com/blog-detay/3ds-max-egitimi-uv-mapping-ve-kaplama-yonetimi-305/","text/html; charset=utf-8","200","OK","Indexable","","","","","","","","",""
"https://unityverseacademy.com/urun/profesyonel-mimari-render-ve-etkilesim-egitimi-yuz-yuze-24-saat-1612/","text/html; charset=utf-8","200","OK","Indexable","","","","","","","","",""
"https://unityverseacademy.com/urun/mimarlik-ic-mimarlik-icin-3d-tasarim-ve-gorsellestirme-egitimi-yuz-yuze-1504/","text/html; charset=utf-8","200","OK","Indexable","","","","","","","","",""
"https://unityverseacademy.com/urun/unreal-engine-ile-sanal-gerceklik-yuz-yuze-egitim-654/","text/html; charset=utf-8","200","OK","Indexable","","","","","","","","",""
"https://unityverseacademy.com/urun/autocad-egitimi-ozel-ders-1300/","text/html; charset=utf-8","200","OK","Indexable","","","","","","","","",""
"https://unityverseacademy.com/urun/sosyal-medya-ve-google-reklamciligi-canli-online-egitimi-1072/","text/html; charset=utf-8","200","OK","Indexable","","","","","","","","",""
