"Address","Content Type","Status Code","Status","Indexability","Indexability Status","Crawl Timestamp"
"https://unityverseacademy.com/","text/html; charset=utf-8","200","OK","Indexable","","2026-07-30 13:41:00"
"https://unityverseacademy.com/kategori/animasyon-egitimleri-248/","text/html; charset=utf-8","200","OK","Indexable","","2026-07-30 13:41:00"
"https://unityverseacademy.com/public/tema10/css/home2.css?v=5.4.100","text/css; charset=UTF-8","200","OK","Indexable","","2026-07-30 13:41:00"
"https://unityverseacademy.com/public/tema10/js/cookieconsent.umd.js?v=5.4.94","application/javascript; charset=UTF-8","200","OK","Indexable","","2026-07-30 13:41:00"
"https://unityverseacademy.com/urun/autodesk-fusion-360-endustriyel-urun-tasarimi-uzmanligi-canli-online-egitimi-584/","text/html; charset=utf-8","200","OK","Indexable","","2026-07-30 13:41:00"
"https://unityverseacademy.com/urun/desinatorluk-canli-online-egitimi-563/","text/html; charset=utf-8","200","OK","Indexable","","2026-07-30 13:41:00"
"https://unityverseacademy.com/public/tema10/css/bootstrap-datetimepicker.min.css?v=5.4.94","text/css; charset=UTF-8","200","OK","Indexable","","2026-07-30 13:41:00"
"https://unityverseacademy.com/public/tema10/css/themecss/so-categories.css?v=5.4.94","text/css; charset=UTF-8","200","OK","Indexable","","2026-07-30 13:41:00"
"https://unityverseacademy.com/public/tema10/js/countdown/jquery.countdown.min.js?v=5.4.94","application/javascript; charset=UTF-8","200","OK","Indexable","","2026-07-30 13:41:00"
"https://unityverseacademy.com/sayfa/iptal-ve-iade-kosullari-28/","text/html; charset=utf-8","200","OK","Indexable","","2026-07-30 13:41:00"
"https://unityverseacademy.com/public/tema10/css/pobol.css?v=5.4.104","text/css; charset=UTF-8","200","OK","Indexable","","2026-07-30 13:41:00"
"https://unityverseacademy.com/uploads/p/p/s/2024-python-bootcamp-sifirdan-python-canli-online-egitimi_2.jpeg?v=1713608100","image/jpeg","200","OK","Indexable","","2026-07-30 13:41:01"
"https://unityverseacademy.com/uploads/p/cd/9svlyhQm8Piz.png","image/png","200","OK","Indexable","","2026-07-30 13:41:00"
"https://unityverseacademy.com/uploads/p/cd/cMZ1zkyvfF2P.png","image/png","200","OK","Indexable","","2026-07-30 13:41:01"
"https://unityverseacademy.com/kategori/oyun-gelistirme-egitimleri-244/","text/html; charset=utf-8","200","OK","Indexable","","2026-07-30 13:41:00"
"https://unityverseacademy.com/uploads/p/p/s/autodesk-fusion-360-endustriyel-urun-tasarimi-uzmanligi-canli-online-egitimi_1.jpg?v=1762940099","image/jpeg","200","OK","Indexable","","2026-07-30 13:41:01"
"https://unityverseacademy.com/public/tema10/js/themejs/libs.js?v=5.4.94","application/javascript; charset=UTF-8","200","OK","Indexable","","2026-07-30 13:41:01"
"https://unityverseacademy.com/public/tema10/js/jquery-ui/jquery-ui.min.js?v=5.4.94","application/javascript; charset=UTF-8","200","OK","Indexable","","2026-07-30 13:41:01"
"https://unityverseacademy.com/uploads/p/cd/ZCaVcYBFG9jR.png","image/png","200","OK","Indexable","","2026-07-30 13:41:01"
"https://unityverseacademy.com/sayfa/uyelik-sozlesmesi-ve-gizlilik-politikasi-27/","text/html; charset=utf-8","200","OK","Indexable","","2026-07-30 13:41:01"
"https://unityverseacademy.com/uploads/p/p/s/yazilim-uzmanligi-yuz-yuze-egitimi_1.jpeg?v=1713604671","image/jpeg","200","OK","Indexable","","2026-07-30 13:41:01"
"https://unityverseacademy.com/public/tema10/css/jquery-ui.min.css?v=5.4.94","text/css; charset=UTF-8","200","OK","Indexable","","2026-07-30 13:41:01"
"https://unityverseacademy.com/uploads/p/p/s/2b-oyun-karakter-tasarimi-ve-animasyon-canli-online-egitimi_1.jpg?v=1759406018","image/jpeg","200","OK","Indexable","","2026-07-30 13:41:01"
"https://unityverseacademy.com/urun/unity-ile-oyun-gelistirme-canli-online-egitimi-staj-garantili-17/","text/html; charset=utf-8","200","OK","Indexable","","2026-07-30 13:41:01"
"https://unityverseacademy.com/public/tema10/css/swiper-bundle.min.css?v=5.4.94","text/css; charset=UTF-8","200","OK","Indexable","","2026-07-30 13:41:01"
"https://unityverseacademy.com/uploads/p/cd/B83sAeRW67zU.webp","image/webp","200","OK","Indexable","","2026-07-30 13:41:01"
"https://unityverseacademy.com/uploads/p/p/s/unity-ile-oyun-gelistirme-yuz-yuze-egitimi_1.jpeg?v=1714312888","image/jpeg","200","OK","Indexable","","2026-07-30 13:41:01"
"https://unityverseacademy.com/public/tema10/css/legacy-header-layout.css?v=20260714","text/css; charset=UTF-8","200","OK","Indexable","","2026-07-30 13:41:01"
"https://unityverseacademy.com/kategori/mimarlik-egitimleri-259/","text/html; charset=utf-8","200","OK","Indexable","","2026-07-30 13:41:01"
"https://unityverseacademy.com/sayfa/hakkimizda-25/","text/html; charset=utf-8","200","OK","Indexable","","2026-07-30 13:41:01"
"https://unityverseacademy.com/public/tema10/js/jquery-2.2.4.min.js?v=5.4.94","application/javascript; charset=UTF-8","200","OK","Indexable","","2026-07-30 13:41:01"
"https://unityverseacademy.com/blog-detay/suleyman-ozgonul-oyun-gelistiricilikte-zirveye-giden-yol-129/","text/html; charset=utf-8","200","OK","Indexable","","2026-07-30 13:41:02"
"https://unityverseacademy.com/uploads/p/cd/HXFyN3EqRoYC.webp","image/webp","200","OK","Indexable","","2026-07-30 13:41:02"
"https://unityverseacademy.com/public/tema10/css/owl.carousel.css?v=5.4.94","text/css; charset=UTF-8","200","OK","Indexable","","2026-07-30 13:41:02"
"https://unityverseacademy.com/urun/profesyonel-3b-modelleme-dijital-sanat-programi-online-1/","text/html; charset=utf-8","200","OK","Indexable","","2026-07-30 13:41:01"
"https://unityverseacademy.com/public/tema10/css/cookieconsent.css?v=5.4.94","text/css; charset=UTF-8","200","OK","Indexable","","2026-07-30 13:41:02"
"https://unityverseacademy.com/kategori/mimarlik-egitimleri-ozel-ders-274/","text/html; charset=utf-8","200","OK","Indexable","","2026-07-30 13:41:02"
"https://unityverseacademy.com/uploads/p/p/s/unity-ile-oyun-gelistirme-canli-online-egitimi_1.jpeg?v=1714312907","image/jpeg","200","OK","Indexable","","2026-07-30 13:41:02"
"https://unityverseacademy.com/blog-detay/filiz-tumuklunun-yazilim-test-otomasyonu-egitimi-ve-kariyer-basarisi-90/","text/html; charset=utf-8","200","OK","Indexable","","2026-07-30 13:41:02"
"https://unityverseacademy.com/kategori/dijital-pazarlama-egitimleri-255/","text/html; charset=utf-8","200","OK","Indexable","","2026-07-30 13:41:02"
"https://unityverseacademy.com/public/tema10/font-awesome/css/font-awesome.min.css?v=5.4.94","text/css; charset=UTF-8","200","OK","Indexable","","2026-07-30 13:41:02"
"https://unityverseacademy.com/kategori/ozel-dersler-256/","text/html; charset=utf-8","200","OK","Indexable","","2026-07-30 13:41:02"
"https://unityverseacademy.com/urun/2b-cizgi-film-ve-animasyon-uzmanligi-canli-online-egitimi-565/","text/html; charset=utf-8","200","OK","Indexable","","2026-07-30 13:41:02"
"https://unityverseacademy.com/os/KARIYER-14/","text/html; charset=utf-8","200","OK","Non-Indexable","Canonicalised","2026-07-30 13:41:02"
"https://unityverseacademy.com/public/tema10/js/themejs/application.js?v=5.4.94","application/javascript; charset=UTF-8","200","OK","Indexable","","2026-07-30 13:41:02"
"https://unityverseacademy.com/blog-detay/burak-ercayanin-yazilim-test-otomasyonu-egitimi-ve-testiniumdaki-isi-88/","text/html; charset=utf-8","200","OK","Indexable","","2026-07-30 13:41:02"
"https://unityverseacademy.com/uploads/p/cd/gpM3HDtTk9KZ.webp","image/webp","200","OK","Indexable","","2026-07-30 13:41:02"
"https://unityverseacademy.com/uploads/p/cd/lQveczHUdfBT.webp","image/webp","200","OK","Indexable","","2026-07-30 13:41:02"
"https://unityverseacademy.com/uploads/p/cd/8bxdytVDaPoT.webp","image/webp","200","OK","Indexable","","2026-07-30 13:41:02"
"https://unityverseacademy.com/sayfa/kisisel-verilerin-korunmasi-hakkinda-aydinlatma-bildirimi-29/","text/html; charset=utf-8","200","OK","Indexable","","2026-07-30 13:41:02"
"https://unityverseacademy.com/public/tema10/css/bootstrap/css/bootstrap.min.css?v=5.4.94","text/css; charset=UTF-8","200","OK","Indexable","","2026-07-30 13:41:02"
"https://unityverseacademy.com/blog-detay/elif-arslanin-yazilim-gelistirici-olarak-ayakkabi-dunyasindaki-baslangici-94/","text/html; charset=utf-8","200","OK","Indexable","","2026-07-30 13:41:02"
"https://unityverseacademy.com/kategori/muhasebe-ve-ofis-egitimleri-258/","text/html; charset=utf-8","200","OK","Indexable","","2026-07-30 13:41:02"
"https://unityverseacademy.com/blog-detay/oguzhan-durakin-grafik-tasarim-ve-video-kurgu-alanindaki-yolculugu-100/","text/html; charset=utf-8","200","OK","Indexable","","2026-07-30 13:41:02"
"https://unityverseacademy.com/public/tema10/css/themecss/lib.css?v=5.4.94","text/css; charset=UTF-8","200","OK","Indexable","","2026-07-30 13:41:03"
"https://unityverseacademy.com/public/tema10/js/scripts.js?v=5.4.110","application/javascript; charset=UTF-8","200","OK","Indexable","","2026-07-30 13:41:03"
"https://unityverseacademy.com/sayfa/mesafeli-satis-sozlesmesi-26/","text/html; charset=utf-8","200","OK","Indexable","","2026-07-30 13:41:03"
"https://unityverseacademy.com/urun/2b-oyun-karakter-tasarimi-ve-animasyon-canli-online-egitimi-553/","text/html; charset=utf-8","200","OK","Indexable","","2026-07-30 13:41:02"
"https://unityverseacademy.com/blog-detay/berkay-kurt-multiplayer-oyun-gelistiriciliginde-bir-yildiz-130/","text/html; charset=utf-8","200","OK","Indexable","","2026-07-30 13:41:03"
"https://unityverseacademy.com/blog-detay/fatih-yilmazin-yazilim-yolculugu-ve-lufthansadaki-basarisi-91/","text/html; charset=utf-8","200","OK","Indexable","","2026-07-30 13:41:03"
"https://unityverseacademy.com/uploads/f/pblcookie.js","application/javascript; charset=UTF-8","200","OK","Indexable","","2026-07-30 13:41:03"
"https://unityverseacademy.com/uploads/p/cd/hzfpok91vjDW.webp","image/webp","200","OK","Indexable","","2026-07-30 13:41:03"
"https://unityverseacademy.com/public/tema10/js/owl-carousel/owl.carousel.js?v=5.4.94","application/javascript; charset=UTF-8","200","OK","Indexable","","2026-07-30 13:41:03"
"https://unityverseacademy.com/uploads/p/p/s/grafik-tasarim-ve-video-efekt-uzmanligi-canli-online-egitimi-staj-garantili_1.jpg?v=1759585838","image/jpeg","200","OK","Indexable","","2026-07-30 13:41:03"
"https://unityverseacademy.com/uploads/p/cd/Vqa2u5oRBlv1.png","image/png","200","OK","Indexable","","2026-07-30 13:41:03"
"https://unityverseacademy.com/kategori/3d-modelleme-ozel-ders-273/","text/html; charset=utf-8","200","OK","Indexable","","2026-07-30 13:41:03"
"https://unityverseacademy.com/uploads/p/cd/BmsMLDdFV9vR.webp","image/webp","200","OK","Indexable","","2026-07-30 13:41:03"
"https://unityverseacademy.com/public/tema10/js/modernizr/modernizr-2.6.2.min.js?v=5.4.94","application/javascript; charset=UTF-8","200","OK","Indexable","","2026-07-30 13:41:03"
"https://unityverseacademy.com/uploads/p/cd/AHREgDJ51l30.webp","image/webp","200","OK","Indexable","","2026-07-30 13:41:03"
"https://unityverseacademy.com/public/tema10/js/datetimepicker/bootstrap-datetimepicker.min.js?v=5.4.94","application/javascript; charset=UTF-8","200","OK","Indexable","","2026-07-30 13:41:03"
"https://unityverseacademy.com/tum-urunler/","text/html; charset=utf-8","200","OK","Indexable","","2026-07-30 13:41:03"
"https://unityverseacademy.com/kategori/endustriyel-urun-tasarim-egitimleri-253/","text/html; charset=utf-8","200","OK","Indexable","","2026-07-30 13:41:03"
"https://unityverseacademy.com/sayfa/kvkk-aydinlatma-metni/","text/html; charset=utf-8","200","OK","Non-Indexable","Canonicalised","2026-07-30 13:41:03"
"https://unityverseacademy.com/uploads/p/cd/4RGnxhqCrAQj.webp","image/webp","200","OK","Indexable","","2026-07-30 13:41:03"
"https://unityverseacademy.com/uploads/p/p/s/2b-cizgi-film-ve-animasyon-uzmanligi-canli-online-egitimi_2.jpg?v=1759405086","image/jpeg","200","OK","Indexable","","2026-07-30 13:41:03"
"https://unityverseacademy.com/kategori/ses-tasarim-egitimleri-251/","text/html; charset=utf-8","200","OK","Indexable","","2026-07-30 13:41:03"
"https://unityverseacademy.com/public/tema10/js/jquery.lazy.min.js?v=5.4.94","application/javascript; charset=UTF-8","200","OK","Indexable","","2026-07-30 13:41:04"
"https://unityverseacademy.com/kategori/yazilim-egitimleri-ozel-ders-268/","text/html; charset=utf-8","200","OK","Indexable","","2026-07-30 13:41:03"
"https://unityverseacademy.com/uploads/p/cd/yISe6HskUAO8.webp","image/webp","200","OK","Indexable","","2026-07-30 13:41:04"
"https://unityverseacademy.com/public/tema10/js/custom-design/slick.min.js?v=5.4.94","application/javascript; charset=UTF-8","200","OK","Indexable","","2026-07-30 13:41:04"
"https://unityverseacademy.com/blog/","text/html; charset=utf-8","200","OK","Indexable","","2026-07-30 13:41:04"
"https://unityverseacademy.com/blog-detay/gorkem-tekinin-vakif-katilimdaki-backend-developer-yolculugu-96/","text/html; charset=utf-8","200","OK","Indexable","","2026-07-30 13:41:04"
"https://unityverseacademy.com/os/KURUMSAL-EGITIMLER-10/","text/html; charset=utf-8","200","OK","Non-Indexable","Canonicalised","2026-07-30 13:41:04"
"https://unityverseacademy.com/public/tema10/css/responsive.css?v=5.4.94","text/css; charset=UTF-8","200","OK","Indexable","","2026-07-30 13:41:04"
"https://unityverseacademy.com/uploads/p/o/M8NILhl4t7HF.jpg?v=1701782743","image/jpeg","200","OK","Indexable","","2026-07-30 13:41:04"
"https://unityverseacademy.com/public/tema10/js/member-header.js?v=1","application/javascript; charset=UTF-8","200","OK","Indexable","","2026-07-30 13:41:04"
"https://unityverseacademy.com/kategori/grafik-tasarim-ozel-ders-269/","text/html; charset=utf-8","200","OK","Indexable","","2026-07-30 13:41:04"
"https://unityverseacademy.com/uploads/p/cd/lE0itIZcqLCW.webp","image/webp","200","OK","Indexable","","2026-07-30 13:41:04"
"https://unityverseacademy.com/urun/grafik-tasarim-ve-video-efekt-uzmanligi-canli-online-egitimi-staj-garantili-564/","text/html; charset=utf-8","200","OK","Indexable","","2026-07-30 13:41:04"
"https://unityverseacademy.com/uploads/p/cd/6FMJGd1m4zHY.webp","image/webp","200","OK","Indexable","","2026-07-30 13:41:04"
"https://unityverseacademy.com/public/tema10/js/dcjqaccordion/jquery.dcjqaccordion.2.8.min.js?v=5.4.94","application/javascript; charset=UTF-8","200","OK","Indexable","","2026-07-30 13:41:04"
"https://unityverseacademy.com/blog-detay/begum-kiroglunun-grafik-tasarim-ve-video-kurgu-alanindaki-yolculugu-98/","text/html; charset=utf-8","200","OK","Indexable","","2026-07-30 13:41:04"
"https://unityverseacademy.com/uploads/p/cd/yNjxbAfrewsU.webp","image/webp","200","OK","Indexable","","2026-07-30 13:41:04"
"https://unityverseacademy.com/uploads/p/cd/jUF0TXSKhpxI.png","image/png","200","OK","Indexable","","2026-07-30 13:41:04"
"https://unityverseacademy.com/urun/c-programlama-canli-online-egitimi-10/","text/html; charset=utf-8","200","OK","Indexable","","2026-07-30 13:41:04"
"https://unityverseacademy.com/uploads/p/cd/DHpznJYyvjk7.webp","image/webp","200","OK","Indexable","","2026-07-30 13:41:04"
"https://unityverseacademy.com/kategori/dil-egitimleri-257/","text/html; charset=utf-8","200","OK","Indexable","","2026-07-30 13:41:04"
"https://unityverseacademy.com/uploads/p/o/yfTW41vdMOxS.jpg?v=1701783131","image/jpeg","200","OK","Indexable","","2026-07-30 13:41:04"
"https://unityverseacademy.com/uploads/p/p/s/blender-3b-oyun-modelleme-canli-online-egitim_1.jpg?v=1762940609","image/jpeg","200","OK","Indexable","","2026-07-30 13:41:05"
"https://unityverseacademy.com/urun/dijital-oyun-muzigi-teknikleri-canli-online-egitimi-650/","text/html; charset=utf-8","200","OK","Indexable","","2026-07-30 13:41:04"
"https://unityverseacademy.com/public/tema10/js/custom-design/owl.carousel.js?v=5.4.94","application/javascript; charset=UTF-8","200","OK","Indexable","","2026-07-30 13:41:05"
"https://unityverseacademy.com/public/tema10/js/unveil/jquery.unveil.js?v=5.4.94","application/javascript; charset=UTF-8","200","OK","Indexable","","2026-07-30 13:41:05"
"https://unityverseacademy.com/uploads/p/p/s/c-programlama-canli-online-egitimi_2.jpg?v=1696601125","image/jpeg","200","OK","Indexable","","2026-07-30 13:41:05"
"https://unityverseacademy.com/public/tema10/css/themecss/so_megamenu.css?v=5.4.94","text/css; charset=UTF-8","200","OK","Indexable","","2026-07-30 13:41:05"
"https://unityverseacademy.com/public/tema10/css/themecss/so-listing-tabs.css?v=5.4.94","text/css; charset=UTF-8","200","OK","Indexable","","2026-07-30 13:41:05"
"https://unityverseacademy.com/blog-detay/suat-erizin-ayes-celikteki-yazilim-gelistirici-ve-kalite-kontrol-gorevi-97/","text/html; charset=utf-8","200","OK","Indexable","","2026-07-30 13:41:05"
"https://unityverseacademy.com/uploads/p/p/s/profesyonel-3b-modelleme-dijital-sanat-programi-online_1.jpg?v=1757508001","image/jpeg","200","OK","Indexable","","2026-07-30 13:41:05"
"https://unityverseacademy.com/urun/grafik-tasarim-ve-video-efekt-uzmanligi-yuz-yuze-egitimi-staj-garantili-613/","text/html; charset=utf-8","200","OK","Indexable","","2026-07-30 13:41:05"
"https://unityverseacademy.com/urun/unity-ile-oyun-gelistirme-yuz-yuze-egitimi-staj-garantili-598/","text/html; charset=utf-8","200","OK","Indexable","","2026-07-30 13:41:05"
"https://unityverseacademy.com/uploads/p/cd/wtZkNKoFClWI.png","image/png","200","OK","Indexable","","2026-07-30 13:41:05"
"https://unityverseacademy.com/uploads/p/p/s/yazilim-test-otomasyonu-canli-online-egitimi-staj-garantili_1.jpg?v=1761897326","image/jpeg","200","OK","Indexable","","2026-07-30 13:41:05"
"https://unityverseacademy.com/public/tema10/js/themejs/so_megamenu.js?v=5.4.94","application/javascript; charset=UTF-8","200","OK","Indexable","","2026-07-30 13:41:05"
"https://unityverseacademy.com/urun/blender-3b-oyun-modelleme-canli-online-egitim-2/","text/html; charset=utf-8","200","OK","Indexable","","2026-07-30 13:41:05"
"https://unityverseacademy.com/uploads/p/cd/JPNuanLj73k0.webp","image/webp","200","OK","Indexable","","2026-07-30 13:41:05"
"https://unityverseacademy.com/public/tema10/js/themejs/homepage.js?v=5.4.94","application/javascript; charset=UTF-8","200","OK","Indexable","","2026-07-30 13:41:05"
"https://unityverseacademy.com/uploads/p/p/s/dijital-oyun-muzigi-teknikleri-canli-online-egitimi_2.jpg?v=1759590545","image/jpeg","200","OK","Indexable","","2026-07-30 13:41:05"
"https://unityverseacademy.com/urun/yazilim-uzmanligi-yuz-yuze-egitimi-staj-garantili-669/","text/html; charset=utf-8","200","OK","Indexable","","2026-07-30 13:41:05"
"https://unityverseacademy.com/kategori/grafik-tasarim-egitimleri-246/","text/html; charset=utf-8","200","OK","Indexable","","2026-07-30 13:41:05"
"https://unityverseacademy.com/uploads/p/p/s/grafik-tasarim-ve-video-efekt-uzmanligi-yuz-yuze-egitimi-staj-garantili_1.jpg?v=1763219437","image/jpeg","200","OK","Indexable","","2026-07-30 13:41:06"
"https://unityverseacademy.com/blog-detay/enes-bugra-cengizin-full-stack-developer-yolculugu-93/","text/html; charset=utf-8","200","OK","Indexable","","2026-07-30 13:41:05"
"https://unityverseacademy.com/public/tema10/js/datetimepicker/moment.js?v=5.4.94","application/javascript; charset=UTF-8","200","OK","Indexable","","2026-07-30 13:41:06"
"https://unityverseacademy.com/kategori/matematik-ozel-ders-267/","text/html; charset=utf-8","200","OK","Indexable","","2026-07-30 13:41:06"
"https://unityverseacademy.com/uploads/p/cd/XJSd8xB3Twu1.webp","image/webp","200","OK","Indexable","","2026-07-30 13:41:06"
"https://unityverseacademy.com/urun/yazilim-test-otomasyonu-egitimi-canli-online-egitimi-staj-garantili-7/","text/html; charset=utf-8","200","OK","Indexable","","2026-07-30 13:41:06"
"https://unityverseacademy.com/uploads/p/cd/w9pfIhHMitlV.webp","image/webp","200","OK","Indexable","","2026-07-30 13:41:06"
"https://unityverseacademy.com/sayfa/iletisim-5/","text/html; charset=utf-8","200","OK","Non-Indexable","Canonicalised","2026-07-30 13:41:06"
"https://unityverseacademy.com/kategori/oyun-gelistirme-ozel-ders-272/","text/html; charset=utf-8","200","OK","Indexable","","2026-07-30 13:41:06"
"https://unityverseacademy.com/uploads/p/cd/n0ucoJUlQf9Y.webp","image/webp","200","OK","Indexable","","2026-07-30 13:41:06"
"https://unityverseacademy.com/public/tema10/js/bootstrap.min.js?v=5.4.94","application/javascript; charset=UTF-8","200","OK","Indexable","","2026-07-30 13:41:06"
"https://unityverseacademy.com/blog-detay/arda-bickinnin-yazilim-test-otomasyonu-egitimi-ve-testiniumdaki-staj-sureci-89/","text/html; charset=utf-8","200","OK","Indexable","","2026-07-30 13:41:06"
"https://unityverseacademy.com/public/tema10/js/swiper-bundle.min.js?v=5.4.94","application/javascript; charset=UTF-8","200","OK","Indexable","","2026-07-30 13:41:06"
"https://unityverseacademy.com/uploads/p/cd/z6dJwPINVK1U.png","image/png","200","OK","Indexable","","2026-07-30 13:41:06"
"https://unityverseacademy.com/public/tema10/css/mfb.css?v=5.4.94","text/css; charset=UTF-8","200","OK","Indexable","","2026-07-30 13:41:06"
"https://unityverseacademy.com/uploads/p/p/s/desinatorluk-canli-online-egitimi_2.jpg?v=1699876654","image/jpeg","200","OK","Indexable","","2026-07-30 13:41:06"
"https://unityverseacademy.com/blog-detay/osman-derebasinin-grafik-tasarim-ve-video-kurgu-alanindaki-yolculugu-101/","text/html; charset=utf-8","200","OK","Indexable","","2026-07-30 13:41:06"
"https://unityverseacademy.com/kategori/senaryo-sinema-ve-yonetmenlik-egitimleri-252/","text/html; charset=utf-8","200","OK","Indexable","","2026-07-30 13:41:06"
"https://unityverseacademy.com/kategori/yazilim-egitimleri-245/","text/html; charset=utf-8","200","OK","Indexable","","2026-07-30 13:41:06"
"https://unityverseacademy.com/uploads/p/cd/Zb0gaClUFmEk.webp","image/webp","200","OK","Indexable","","2026-07-30 13:41:07"
"https://unityverseacademy.com/uploads/p/cd/xL8INMf1WJvz.webp","image/webp","200","OK","Indexable","","2026-07-30 13:41:06"
"https://unityverseacademy.com/urun/2026-python-bootcamp-sifirdan-python-canli-online-egitimi-8/","text/html; charset=utf-8","200","OK","Indexable","","2026-07-30 13:41:06"
"https://unityverseacademy.com/kategori/3d-modelleme-egitimleri-247/","text/html; charset=utf-8","200","OK","Indexable","","2026-07-30 13:41:07"
"https://unityverseacademy.com/uploads/p/cd/w2oWBxc7O6gy.png","image/png","200","OK","Indexable","","2026-07-30 13:41:07"
"https://unityverseacademy.com/kategori/staj-garantili-egitimler-266/","text/html; charset=utf-8","200","OK","Indexable","","2026-07-30 13:41:07"
"https://unityverseacademy.com/sayfa/egitmenler-10/","text/html; charset=utf-8","200","OK","Non-Indexable","Canonicalised","2026-07-30 13:41:07"
"https://unityverseacademy.com/public/tema10/js/notify.js?v=5.4.94","application/javascript; charset=UTF-8","200","OK","Indexable","","2026-07-30 13:41:07"
"https://unityverseacademy.com/public/tema10/js/datetimepicker/locale-tr.js?v=5.4.94","application/javascript; charset=UTF-8","200","OK","Indexable","","2026-07-30 13:41:07"
"https://unityverseacademy.com/uploads/p/cd/BQMaSWDnF9Xq.png","image/png","200","OK","Indexable","","2026-07-30 13:41:07"
"https://unityverseacademy.com/uploads/p/p/s/unity-ile-oyun-gelistirme-canli-online-egitimi-staj-garantili_1.jpeg?v=1781632188","image/jpeg","200","OK","Indexable","","2026-07-30 13:41:07"
"https://unityverseacademy.com/blog-detay/emre-gungorun-sps-senurdaki-robotic-system-developer-yolculugu-95/","text/html; charset=utf-8","200","OK","Indexable","","2026-07-30 13:41:07"
"https://unityverseacademy.com/blog-detay/can-kalyoncuoglu-hayallerden-gerceklere-128/","text/html; charset=utf-8","200","OK","Indexable","","2026-07-30 13:41:07"
"https://unityverseacademy.com/uploads/fm/WhatsApp_Image_2025-02-20_at_16_28_2714.jpg","image/jpeg","200","OK","Indexable","","2026-07-30 13:41:07"
"https://unityverseacademy.com/urun/rhino-egitimi-24-saat-online-ozel-ders-1131/","text/html; charset=utf-8","200","OK","Indexable","","2026-07-30 13:41:07"
"https://unityverseacademy.com/urun/unity-ile-oyun-gelistirme-yuz-yuze-ozel-ders-1045/","text/html; charset=utf-8","200","OK","Indexable","","2026-07-30 13:41:07"
"https://unityverseacademy.com/urun/revit-egitimi-yuz-yuze-1581/","text/html; charset=utf-8","200","OK","Indexable","","2026-07-30 13:41:07"
"https://unityverseacademy.com/uploads/p/p/unreal-engine-5-ile-kodsuz-oyun-gelistirme-online-canli-egitim_1.jpg?v=1687689899","image/jpeg","200","OK","Indexable","","2026-07-30 13:41:07"
"https://unityverseacademy.com/uploads/p/p/revit-egitimi-yuz-yuze_1.jpg?v=1763107881","image/jpeg","200","OK","Indexable","","2026-07-30 13:41:07"
"https://unityverseacademy.com/uploads/p/p/unreal-engine-ile-sanal-gerceklik-ozel-ders-online-canli-egitim_1.jpg?v=1696602726","image/jpeg","200","OK","Indexable","","2026-07-30 13:41:07"
"https://unityverseacademy.com/blog/10/","text/html; charset=utf-8","200","OK","Indexable","","2026-07-30 13:41:07"
"https://unityverseacademy.com/uploads/p/p/lineer-cebir-linear-algebra-egitimi-ozel-ders_1.jpg?v=1759324818","image/jpeg","200","OK","Indexable","","2026-07-30 13:41:07"
"https://unityverseacademy.com/uploads/p/p/veri-yapilari-egitimi-ozel-ders_1.jpg?v=1759324987","image/jpeg","200","OK","Indexable","","2026-07-30 13:41:07"
"https://unityverseacademy.com/uploads/fm/IMG_503723.jpg","image/jpeg","200","OK","Indexable","","2026-07-30 13:41:07"
"https://unityverseacademy.com/urun/autodesk-fusion-360-endustriyel-urun-tasarimi-uzmanligi-yuz-yuze-ozel-ders-20-saat-1591/","text/html; charset=utf-8","200","OK","Indexable","","2026-07-30 13:41:07"
"https://unityverseacademy.com/uploads/fm/IMG_511523.jpg","image/jpeg","200","OK","Indexable","","2026-07-30 13:41:08"
"https://unityverseacademy.com/urun/adobe-photoshop-onlinecanli-egitim-779/","text/html; charset=utf-8","200","OK","Indexable","","2026-07-30 13:41:07"
"https://unityverseacademy.com/uploads/fm/image81.png","image/png","200","OK","Indexable","","2026-07-30 13:41:08"
"https://unityverseacademy.com/urun/mimarlik-ic-mimarlik-icin-3d-tasarim-ve-gorsellestirme-egitimi-online-1549/","text/html; charset=utf-8","200","OK","Indexable","","2026-07-30 13:41:08"
"https://unityverseacademy.com/urun/fen-bilimleri-egitimi-ozel-ders-1430/","text/html; charset=utf-8","200","OK","Indexable","","2026-07-30 13:41:08"
"https://unityverseacademy.com/os/kariyer-is-14/","text/html; charset=utf-8","200","OK","Indexable","","2026-07-30 13:41:08"
"https://unityverseacademy.com/uploads/p/p/mimarlik-ic-mimarlik-icin-3d-tasarim-ve-gorsellestirme-egitimi-yuz-yuze-120-saat_1.jpg?v=1757507863","image/jpeg","200","OK","Indexable","","2026-07-30 13:41:08"
"https://unityverseacademy.com/urun/3ds-max-corona-ile-fotogercekci-mimari-gorsellestirmeegitimi-online-1614/","text/html; charset=utf-8","200","OK","Indexable","","2026-07-30 13:41:08"
"https://unityverseacademy.com/uploads/fm/IMG_51482.jpg","image/jpeg","200","OK","Indexable","","2026-07-30 13:41:08"
"https://unityverseacademy.com/uploads/fm/ITS-Badges_HTML-and-CSS_1200px.png","image/png","200","OK","Indexable","","2026-07-30 13:41:08"
"https://unityverseacademy.com/urun/microsoft-office-egitimi-10-saat-1639/","text/html; charset=utf-8","200","OK","Indexable","","2026-07-30 13:41:08"
"https://unityverseacademy.com/urun/cocuk-ve-gencler-icin-unity-ile-oyun-gelistirme-yuz-yuze-egitimi-1042/","text/html; charset=utf-8","200","OK","Non-Indexable","Canonicalised","2026-07-30 13:41:08"
"https://unityverseacademy.com/public/tema10/css/about-gallery.css?v=1","text/css; charset=UTF-8","200","OK","Indexable","","2026-07-30 13:41:08"
"https://unityverseacademy.com/uploads/p/p/profesyonel-3b-modelleme-dijital-sanat-programi-online_1.jpg?v=1757508001","image/jpeg","200","OK","Indexable","","2026-07-30 13:41:08"
"https://unityverseacademy.com/uploads/p/p/matematik-egitimi-ozel-ders_2.jpg?v=1757940484","image/jpeg","200","OK","Indexable","","2026-07-30 13:41:08"
"https://unityverseacademy.com/uploads/p/p/unity-ile-oyun-gelistirme-canli-online-egitimi-8-ay_1.jpeg?v=1753521718","image/jpeg","200","OK","Indexable","","2026-07-30 13:41:08"
"https://unityverseacademy.com/urun/mimarlik-ic-mimarlik-icin-3d-tasarim-ve-gorsellestirme-egitimi-yuz-yuze-120-saat-1577/","text/html; charset=utf-8","200","OK","Indexable","","2026-07-30 13:41:08"
"https://unityverseacademy.com/urun/yapay-zeka-destekli-unity-ile-oyun-gelistirme-egitimi-online-1682/","text/html; charset=utf-8","200","OK","Indexable","","2026-07-30 13:41:09"
"https://unityverseacademy.com/uploads/p/p/unity-ile-oyun-gelistirme-online-ozel-ders_1.jpg?v=1740657991","image/jpeg","200","OK","Indexable","","2026-07-30 13:41:08"
"https://unityverseacademy.com/uploads/fm/ITS-Badges_JavaScript_1200px.png","image/png","200","OK","Indexable","","2026-07-30 13:41:09"
"https://unityverseacademy.com/urun/ic-mimarlik-ve-dekorasyon-egitimi-1132/","text/html; charset=utf-8","200","OK","Indexable","","2026-07-30 13:41:08"
"https://unityverseacademy.com/urun/unreal-engine-ile-oyun-gelistirme-150-saatlik-kapsamli-blueprintmufredati-online-1028/","text/html; charset=utf-8","200","OK","Indexable","","2026-07-30 13:41:08"
"https://unityverseacademy.com/urun/flutter-ile-mobil-uygulama-gelistirme-canli-online-egitimi-557/","text/html; charset=utf-8","200","OK","Indexable","","2026-07-30 13:41:08"
"https://unityverseacademy.com/urun/unity-ile-oyun-gelistirme-online-ozel-ders-1256/","text/html; charset=utf-8","200","OK","Indexable","","2026-07-30 13:41:09"
"https://unityverseacademy.com/uploads/fm/Kurucu_Eğitmen_Prof__Dr__Çetin_Kaya_Koç_pdf_13.jpg","image/jpeg","200","OK","Indexable","","2026-07-30 13:41:09"
"https://unityverseacademy.com/uploads/p/p/bilgisayarli-muhasebe-egitimi_1.jpg?v=1757934855","image/jpeg","200","OK","Indexable","","2026-07-30 13:41:09"
"https://unityverseacademy.com/urun/2b-oyun-karakter-tasarimi-ve-animasyon-ozel-ders-1250/","text/html; charset=utf-8","200","OK","Indexable","","2026-07-30 13:41:09"
"https://unityverseacademy.com/urun/excel-kursu-temelden-ileri-seviyeye-10-saat-1662/","text/html; charset=utf-8","200","OK","Indexable","","2026-07-30 13:41:09"
"https://unityverseacademy.com/urun/rhino-egitimi-40-saat-online-1507/","text/html; charset=utf-8","200","OK","Indexable","","2026-07-30 13:41:09"
"https://unityverseacademy.com/uploads/p/p/yapay-zeka-destekli-unity-ile-oyun-gelistirme-egitimi-yuz-yuze_1.webp?v=1780419433","image/webp","200","OK","Indexable","","2026-07-30 13:41:09"
"https://unityverseacademy.com/uploads/fm/Ders_Bilgileri1.png","image/png","200","OK","Indexable","","2026-07-30 13:41:09"
"https://unityverseacademy.com/uploads/p/p/mimarlik-ic-mimarlik-icin-3d-tasarim-ve-gorsellestirme-egitimi-online-120-saat_1.jpg?v=1762861033","image/jpeg","200","OK","Indexable","","2026-07-30 13:41:09"
"https://unityverseacademy.com/uploads/p/p/it-danismanlik-hizmeti-ozel-ders_1.jpg?v=1759325219","image/jpeg","200","OK","Indexable","","2026-07-30 13:41:09"
"https://unityverseacademy.com/uploads/fm/WhatsApp_Image_2025-02-25_at_12_02_26_(1)1.jpg","image/jpeg","200","OK","Indexable","","2026-07-30 13:41:09"
"https://unityverseacademy.com/uploads/fm/IMG_492032.jpg","image/jpeg","200","OK","Indexable","","2026-07-30 13:41:09"
"https://unityverseacademy.com/uploads/fm/IMG_51152.jpg","image/jpeg","200","OK","Indexable","","2026-07-30 13:41:09"
"https://unityverseacademy.com/uploads/fm/IMG_50236.jpg","image/jpeg","200","OK","Indexable","","2026-07-30 13:41:09"
"https://unityverseacademy.com/uploads/p/p/autocad-egitimi-ozel-ders_1.jpg?v=1757507038","image/jpeg","200","OK","Indexable","","2026-07-30 13:41:09"
"https://unityverseacademy.com/uploads/p/p/sketchupta-mimari-ve-ic-mekân-modelleme-egitimi-uygulamali-online_1.jpg?v=1766155098","image/jpeg","200","OK","Indexable","","2026-07-30 13:41:09"
"https://unityverseacademy.com/uploads/fm/IMG_50372.jpg","image/jpeg","200","OK","Indexable","","2026-07-30 13:41:09"
"https://unityverseacademy.com/urun/almanca-egitimi-ozel-ders-1440/","text/html; charset=utf-8","200","OK","Indexable","","2026-07-30 13:41:09"
"https://unityverseacademy.com/urun/autocad-elektrik-tesisat-projeleri-egitimi-yapi-denetim-odakli-1637/","text/html; charset=utf-8","200","OK","Indexable","","2026-07-30 13:41:10"
"https://unityverseacademy.com/uploads/p/p/Autodesk-Fusion-360-Endustriyel-Urun-Tasarimi-Egitimi_1.jpg?v=1660636265","image/jpeg","200","OK","Indexable","","2026-07-30 13:41:10"
"https://unityverseacademy.com/uploads/fm/IMG_51032.jpg","image/jpeg","200","OK","Indexable","","2026-07-30 13:41:10"
"https://unityverseacademy.com/uploads/p/b/oguzhan-durakin-grafik-tasarim-ve-video-kurgu-alanindaki-yolculugu_2.webp?v=1779437508","image/webp","200","OK","Indexable","","2026-07-30 13:41:10"
"https://unityverseacademy.com/urun/gelismis-autocad-elektrik-projeciligi-egitimi-yapi-denetim-odakli-uygulamali-1635/","text/html; charset=utf-8","200","OK","Indexable","","2026-07-30 13:41:10"
"https://unityverseacademy.com/urun/unreal-engine-5-gorsellestirme-ve-animasyon-yuz-yuze-egitim-1032/","text/html; charset=utf-8","200","OK","Indexable","","2026-07-30 13:41:10"
"https://unityverseacademy.com/uploads/p/p/mimarlik-ic-mimarlik-icin-3d-tasarim-ve-gorsellestirme-egitimi-online_2.jpg?v=1761557200","image/jpeg","200","OK","Indexable","","2026-07-30 13:41:10"
"https://unityverseacademy.com/uploads/fm/oyun_site_koyulcak2.jpg","image/jpeg","200","OK","Indexable","","2026-07-30 13:41:10"
"https://unityverseacademy.com/uploads/fm/IMG_5148.jpg","image/jpeg","200","OK","Indexable","","2026-07-30 13:41:10"
"https://unityverseacademy.com/urun/unreal-engine-ile-sanal-gerceklik-vr-ozel-ders-yuz-yuze-egitim-1337/","text/html; charset=utf-8","200","OK","Indexable","","2026-07-30 13:41:10"
"https://unityverseacademy.com/urun/grafik-tasarim-ve-video-efekt-uzmanligi-canli-online-egitimi-1484/","text/html; charset=utf-8","200","OK","Indexable","","2026-07-30 13:41:10"
"https://unityverseacademy.com/uploads/p/p/2b-oyun-karakter-tasarimi-ve-animasyon-canli-online-egitimi_1.jpg?v=1759406018","image/jpeg","200","OK","Indexable","","2026-07-30 13:41:10"
"https://unityverseacademy.com/uploads/fm/OYUN_ÖRNEK_SERTİFİKA25.jpg","image/jpeg","200","OK","Indexable","","2026-07-30 13:41:10"
"https://unityverseacademy.com/uploads/fm/IMG_587153.jpg","image/jpeg","200","OK","Indexable","","2026-07-30 13:41:10"
"https://unityverseacademy.com/urun/yonetmenlik-ve-sinematografiye-giris-yuz-yuze-egitimi-620/","text/html; charset=utf-8","200","OK","Indexable","","2026-07-30 13:41:10"
"https://unityverseacademy.com/urun/zbrush-ile-kuyumculuk-ve-taki-tasarimi-egitimi-online-1536/","text/html; charset=utf-8","200","OK","Indexable","","2026-07-30 13:41:10"
"https://unityverseacademy.com/urun/unity-ile-oyun-gelistirme-yuz-yuze-ozel-ders-1361/","text/html; charset=utf-8","200","OK","Indexable","","2026-07-30 13:41:10"
"https://unityverseacademy.com/uploads/p/p/dijital-pazarlama-pazar-yeri-ve-e-ticaret-yoneticiligi-egitimi-25-saat-ozel-ders_1.jpeg?v=1741954592","image/jpeg","200","OK","Indexable","","2026-07-30 13:41:10"
"https://unityverseacademy.com/uploads/fm/IMG_510321.jpg","image/jpeg","200","OK","Indexable","","2026-07-30 13:41:10"
"https://unityverseacademy.com/uploads/p/p/autodesk-fusion-360-endustriyel-urun-tasarimi-uzmanligi-canli-online-egitimi_1.jpg?v=1762940099","image/jpeg","200","OK","Indexable","","2026-07-30 13:41:11"
"https://unityverseacademy.com/uploads/p/p/unity-ile-oyun-gelistirme-yuz-yuze-ozel-ders_2.jpg?v=1696601901","image/jpeg","200","OK","Indexable","","2026-07-30 13:41:11"
"https://unityverseacademy.com/urun/film-ve-animasyon-icin-storyboard-canli-online-egitimi-551/","text/html; charset=utf-8","200","OK","Indexable","","2026-07-30 13:41:10"
"https://unityverseacademy.com/uploads/fm/dijital_oyun_geliştirme_(1)26.jpg","image/jpeg","200","OK","Indexable","","2026-07-30 13:41:11"
"https://unityverseacademy.com/uploads/p/b/filiz-tumuklunun-yazilim-test-otomasyonu-egitimi-ve-kariyer-basarisi_1.webp?v=1779375143","image/webp","200","OK","Indexable","","2026-07-30 13:41:11"
"https://unityverseacademy.com/uploads/fm/image80.png","image/png","200","OK","Indexable","","2026-07-30 13:41:11"
"https://unityverseacademy.com/uploads/p/p/unreal-engine-ile-sanal-gerceklik-vr-ozel-ders_2.jpg?v=1696602480","image/jpeg","200","OK","Indexable","","2026-07-30 13:41:11"
"https://unityverseacademy.com/uploads/fm/WhatsApp_Image_2022-08-10_at_11_30_58_(2).jpg","image/jpeg","200","OK","Indexable","","2026-07-30 13:41:11"
"https://unityverseacademy.com/urun/autocad-egitimi-1519/","text/html; charset=utf-8","200","OK","Indexable","","2026-07-30 13:41:11"
"https://unityverseacademy.com/uploads/p/p/ispanyolca-egitimi-ozel-ders_1.jpg?v=1759326018","image/jpeg","200","OK","Indexable","","2026-07-30 13:41:11"
"https://unityverseacademy.com/uploads/p/p/diferansiyel-denklemler-egitimi-ozel-ders_1.jpg?v=1759325109","image/jpeg","200","OK","Indexable","","2026-07-30 13:41:11"
"https://unityverseacademy.com/urun/zbrush-ile-organik-modelleme-yuz-yuze-egitimi-590/","text/html; charset=utf-8","200","OK","Indexable","","2026-07-30 13:41:11"
"https://unityverseacademy.com/uploads/p/p/mimarlik-ic-mimarlik-icin-3d-tasarim-ve-gorsellestirme-egitimi-yuz-yuze-120-saat_2.jpg?v=1762861048","image/jpeg","200","OK","Indexable","","2026-07-30 13:41:11"
"https://unityverseacademy.com/uploads/p/p/3ds-max-corona-ile-fotogercekci-mimari-gorsellestirmeegitimi-yuz-yuze_2.jpg?v=1765798374","image/jpeg","200","OK","Indexable","","2026-07-30 13:41:11"
"https://unityverseacademy.com/uploads/p/p/turkce-egitimi-ozel-ders_1.jpg?v=1759325572","image/jpeg","200","OK","Indexable","","2026-07-30 13:41:11"
"https://unityverseacademy.com/urun/yapay-zeka-destekli-unity-ile-oyun-gelistirme-egitimi-yuz-yuze-1680/","text/html; charset=utf-8","200","OK","Indexable","","2026-07-30 13:41:11"
"https://unityverseacademy.com/uploads/p/p/unreal-engine-ile-sanal-gerceklik-vr-ozel-ders-yuz-yuze-egitim_1.jpg?v=1757921933","image/jpeg","200","OK","Indexable","","2026-07-30 13:41:11"
"https://unityverseacademy.com/uploads/p/p/autodesk-fusion-360-endustriyel-urun-tasarimi-uzmanligi-yuz-yuze-ozel-ders-20-saat_1.jpg?v=1763377256","image/jpeg","200","OK","Indexable","","2026-07-30 13:41:12"
"https://unityverseacademy.com/urun/ispanyolca-egitimi-ozel-ders-1441/","text/html; charset=utf-8","200","OK","Indexable","","2026-07-30 13:41:11"
"https://unityverseacademy.com/urun/java-yazilim-egitimi-online-819/","text/html; charset=utf-8","200","OK","Indexable","","2026-07-30 13:41:11"
"https://unityverseacademy.com/urun/zbrush-ile-organik-modelleme-canli-yuz-yuze-ozel-ders-1533/","text/html; charset=utf-8","200","OK","Indexable","","2026-07-30 13:41:11"
"https://unityverseacademy.com/urun/unreal-engine-ile-sanal-gerceklik-vr-ozel-ders-online-canli-egitim-1029/","text/html; charset=utf-8","200","OK","Indexable","","2026-07-30 13:41:12"
"https://unityverseacademy.com/uploads/p/p/proje-yonetimi-egitimi_1.jpg?v=1759324109","image/jpeg","200","OK","Indexable","","2026-07-30 13:41:12"
"https://unityverseacademy.com/uploads/fm/WhatsApp_Image_2022-08-10_at_11_30_53_(3).jpg","image/jpeg","200","OK","Indexable","","2026-07-30 13:41:12"
"https://unityverseacademy.com/uploads/fm/WhatsApp_Image_2023-03-21_at_09_54_092.jpg","image/jpeg","200","OK","Indexable","","2026-07-30 13:41:12"
"https://unityverseacademy.com/urun/unreal-engine-ile-sanal-gerceklik-ozel-ders-online-canli-egitim-1044/","text/html; charset=utf-8","200","OK","Indexable","","2026-07-30 13:41:12"
"https://unityverseacademy.com/uploads/p/b/suleyman-ozgonul-oyun-gelistiricilikte-zirveye-giden-yol_1.webp?v=1779436854","image/webp","200","OK","Indexable","","2026-07-30 13:41:12"
"https://unityverseacademy.com/urun/microsoft-office-egitimi-1123/","text/html; charset=utf-8","200","OK","Indexable","","2026-07-30 13:41:12"
"https://unityverseacademy.com/uploads/p/p/2b-oyun-karakter-tasarimi-ve-animasyon-ozel-ders_1.jpg?v=1759326687","image/jpeg","200","OK","Indexable","","2026-07-30 13:41:12"
"https://unityverseacademy.com/uploads/fm/IMG_49203.jpg","image/jpeg","200","OK","Indexable","","2026-07-30 13:41:12"
"https://unityverseacademy.com/uploads/p/p/3ds-max-egitimi-30-saat-ozel-ders_1.jpg?v=1762865286","image/jpeg","200","OK","Indexable","","2026-07-30 13:41:12"
"https://unityverseacademy.com/uploads/fm/WhatsApp_Image_2022-08-10_at_11_30_53.jpg","image/jpeg","200","OK","Indexable","","2026-07-30 13:41:12"
"https://unityverseacademy.com/blog-detay/zbrush-kursu-egitimi-296/","text/html; charset=utf-8","200","OK","Indexable","","2026-07-30 13:41:12"
"https://unityverseacademy.com/blog-detay/semantik-teknoloji-depo-stok-takip-uygulamasi-tanitimi-251/","text/html; charset=utf-8","200","OK","Indexable","","2026-07-30 13:41:12"
"https://unityverseacademy.com/uploads/p/p/v-ray-ile-gercekci-ic-ve-dis-mekân-render-uretimi-egitimi-online-egitim_1.jpg?v=1766264260","image/jpeg","200","OK","Indexable","","2026-07-30 13:41:12"
"https://unityverseacademy.com/uploads/fm/IMG_5238-min2.jpg","image/jpeg","200","OK","Indexable","","2026-07-30 13:41:12"
"https://unityverseacademy.com/uploads/p/p/fen-bilimleri-egitimi-ozel-ders_1.jpg?v=1757943566","image/jpeg","200","OK","Indexable","","2026-07-30 13:41:12"
"https://unityverseacademy.com/urun/flutter-ile-mobil-uygulama-gelistirme-yuz-yuze-egitimi-606/","text/html; charset=utf-8","200","OK","Indexable","","2026-07-30 13:41:12"
"https://unityverseacademy.com/uploads/fm/oyun_site_konulcak123.jpg","image/jpeg","200","OK","Indexable","","2026-07-30 13:41:13"
"https://unityverseacademy.com/uploads/fm/WhatsApp_Image_2023-03-21_at_10_32_09.jpg","image/jpeg","200","OK","Indexable","","2026-07-30 13:41:13"
"https://unityverseacademy.com/urun/lumion-egitimi-1130/","text/html; charset=utf-8","200","OK","Indexable","","2026-07-30 13:41:13"
"https://unityverseacademy.com/uploads/p/p/unity-ile-oyun-gelistirme-yuz-yuze-egitimi_1.jpeg?v=1714312888","image/jpeg","200","OK","Indexable","","2026-07-30 13:41:13"
"https://unityverseacademy.com/uploads/fm/projegeliştirmeai21.png","image/png","200","OK","Indexable","","2026-07-30 13:41:13"
"https://unityverseacademy.com/urun/adobe-photoshop-ve-adobe-illustrator-onlinecanli-egitim-1001/","text/html; charset=utf-8","200","OK","Indexable","","2026-07-30 13:41:13"
"https://unityverseacademy.com/uploads/p/p/unreal-engine-ile-metaverse-gelistirme-online-canli-egitim_2.jpg?v=1696602805","image/jpeg","200","OK","Indexable","","2026-07-30 13:41:13"
"https://unityverseacademy.com/urun/cocuklar-icin-unity-ile-oyun-gelistirme-canli-online-egitimi-1380/","text/html; charset=utf-8","200","OK","Indexable","","2026-07-30 13:41:13"
"https://unityverseacademy.com/urun/36-saat-kapsamli-zbrush-modelleme-egitimi-online-1540/","text/html; charset=utf-8","200","OK","Indexable","","2026-07-30 13:41:13"
"https://unityverseacademy.com/uploads/fm/gokhan_sahinkaya_(1).pdf","application/pdf","200","OK","Indexable","","2026-07-30 13:41:13"
"https://unityverseacademy.com/uploads/fm/WhatsApp_Image_2022-08-10_at_11_30_59_(3).jpg","image/jpeg","200","OK","Indexable","","2026-07-30 13:41:13"
"https://unityverseacademy.com/urun/unreal-engine-ile-oyun-gelistirme-150-saatlik-kapsamli-blueprintmufredati-yuz-yuze-egitim-1116/","text/html; charset=utf-8","200","OK","Indexable","","2026-07-30 13:41:13"
"https://unityverseacademy.com/uploads/p/p/unity-ile-oyun-gelistirme-canli-online-egitimi_1.jpeg?v=1714312907","image/jpeg","200","OK","Indexable","","2026-07-30 13:41:13"
"https://unityverseacademy.com/urun/film-ve-animasyon-icin-storyboard-yuz-yuze-egitimi-ozel-ders-1287/","text/html; charset=utf-8","200","OK","Indexable","","2026-07-30 13:41:14"
"https://unityverseacademy.com/uploads/p/b/berkay-kurt-multiplayer-oyun-gelistiriciliginde-bir-yildiz_1.webp?v=1779436884","image/webp","200","OK","Indexable","","2026-07-30 13:41:14"
"https://unityverseacademy.com/uploads/p/p/v-ray-ile-gercekci-ic-ve-dis-mekân-render-uretimi-yuz-yuze_1.jpg?v=1766264122","image/jpeg","200","OK","Indexable","","2026-07-30 13:41:14"
"https://unityverseacademy.com/uploads/p/p/autocad-egitimi_2.jpg?v=1762947116","image/jpeg","200","OK","Indexable","","2026-07-30 13:41:14"
"https://unityverseacademy.com/uploads/fm/IMG_512313.jpg","image/jpeg","200","OK","Indexable","","2026-07-30 13:41:14"
"https://unityverseacademy.com/blog-detay/substance-painter-egitimi-286/","text/html; charset=utf-8","200","OK","Indexable","","2026-07-30 13:41:14"
"https://unityverseacademy.com/uploads/fm/oyun_site_konulcak12.jpg","image/jpeg","200","OK","Indexable","","2026-07-30 13:41:14"
"https://unityverseacademy.com/uploads/p/b/burak-ercayanin-yazilim-test-otomasyonu-egitimi-ve-testiniumdaki-isi_2.webp?v=1779436969","image/webp","200","OK","Indexable","","2026-07-30 13:41:14"
"https://unityverseacademy.com/public/tema10/css/blog-detail-gallery.css?v=1.0.0","text/css; charset=UTF-8","200","OK","Indexable","","2026-07-30 13:41:14"
"https://unityverseacademy.com/uploads/p/p/profesyonel-mimari-render-ve-etkilesim-egitimi-online-24-saat_1.jpg?v=1765798494","image/jpeg","200","OK","Indexable","","2026-07-30 13:41:14"
"https://unityverseacademy.com/uploads/fm/web-02_(1).jpg","image/jpeg","200","OK","Indexable","","2026-07-30 13:41:14"
"https://unityverseacademy.com/uploads/p/p/mimarlik-ic-mimarlik-icin-3d-tasarim-ve-gorsellestirme-egitimi-yuz-yuze-100-saat_1.jpg?v=1763456755","image/jpeg","200","OK","Indexable","","2026-07-30 13:41:14"
"https://unityverseacademy.com/urun/fizik-egitimi-ozel-ders-1429/","text/html; charset=utf-8","200","OK","Indexable","","2026-07-30 13:41:14"
"https://unityverseacademy.com/urun/java-yazilim-egitimi-yuz-yuze-821/","text/html; charset=utf-8","200","OK","Indexable","","2026-07-30 13:41:14"
"https://unityverseacademy.com/uploads/p/p/ayrik-matematik-discrete-mathematics-egitimi-ozel-ders_1.jpg?v=1759324738","image/jpeg","200","OK","Indexable","","2026-07-30 13:41:14"
"https://unityverseacademy.com/uploads/fm/0_cert_Information_Technology_(IT)_Specialist_Certificate.jpg","image/jpeg","200","OK","Indexable","","2026-07-30 13:41:14"
"https://unityverseacademy.com/uploads/fm/WhatsApp_Image_2022-08-10_at_11_30_58.jpg","image/jpeg","200","OK","Indexable","","2026-07-30 13:41:14"
"https://unityverseacademy.com/uploads/p/p/egitim-koclugu-ozel-ders_1.jpg?v=1759325700","image/jpeg","200","OK","Indexable","","2026-07-30 13:41:14"
"https://unityverseacademy.com/uploads/p/p/s/unity-ile-oyun-gelistirme-canli-online-egitimi_1.png?v=1695285630","image/png","200","OK","Indexable","","2026-07-30 13:41:15"
"https://unityverseacademy.com/urun/desinatorluk-yuz-yuze-egitimi-612/","text/html; charset=utf-8","200","OK","Indexable","","2026-07-30 13:41:15"
"https://unityverseacademy.com/urun/zbrush-ile-kuyumculuk-ve-taki-tasarimi-egitimi-yuz-yuze-1535/","text/html; charset=utf-8","200","OK","Indexable","","2026-07-30 13:41:15"
"https://unityverseacademy.com/urun/ingilizce-egitimi-ozel-ders-1442/","text/html; charset=utf-8","200","OK","Indexable","","2026-07-30 13:41:15"
"https://unityverseacademy.com/uploads/p/p/cocuk-ve-gencler-icin-unity-ile-oyun-gelistirme-yuz-yuze-egitimi_2.jpg?v=1759586740","image/jpeg","200","OK","Indexable","","2026-07-30 13:41:15"
"https://unityverseacademy.com/uploads/p/p/unreal-engine-5-gorsellestirme-ve-animasyon-yuz-yuze-egitim_2.jpg?v=1759586166","image/jpeg","200","OK","Indexable","","2026-07-30 13:41:15"
"https://unityverseacademy.com/urun/unreal-engine-ile-metaverse-gelistirme-yuz-yuze-egitim-850/","text/html; charset=utf-8","200","OK","Indexable","","2026-07-30 13:41:15"
"https://unityverseacademy.com/urun/desinatorluk-egitimi-ozel-ders-1412/","text/html; charset=utf-8","200","OK","Indexable","","2026-07-30 13:41:15"
"https://unityverseacademy.com/uploads/fm/MicroSoft1.jpg","image/jpeg","200","OK","Indexable","","2026-07-30 13:41:15"
"https://unityverseacademy.com/uploads/p/p/unreal-engine-ile-sanal-gerceklik-online-canli-egitim_1.jpg?v=1696602754","image/jpeg","200","OK","Indexable","","2026-07-30 13:41:15"
"https://unityverseacademy.com/uploads/fm/IMG_50982.jpg","image/jpeg","200","OK","Indexable","","2026-07-30 13:41:15"
"https://unityverseacademy.com/urun/it-danismanlik-hizmeti-ozel-ders-1435/","text/html; charset=utf-8","200","OK","Indexable","","2026-07-30 13:41:15"
"https://unityverseacademy.com/uploads/p/p/unity-ile-oyun-gelistirme-canli-online-egitimi_1.png?v=1695285630","image/png","200","OK","Indexable","","2026-07-30 13:41:16"
"https://unityverseacademy.com/uploads/fm/Ekran_görüntüsü_2023-03-21_102640.png","image/png","200","OK","Indexable","","2026-07-30 13:41:16"
"https://unityverseacademy.com/urun/sosyal-medya-ve-google-reklamciligi-yuz-yuze-egitimi-1558/","text/html; charset=utf-8","200","OK","Indexable","","2026-07-30 13:41:16"
"https://unityverseacademy.com/urun/zbrush-ile-organik-modelleme-canli-online-ozel-ders-24-saat-1297/","text/html; charset=utf-8","200","OK","Indexable","","2026-07-30 13:41:16"
"https://unityverseacademy.com/uploads/fm/IMG_510322.jpg","image/jpeg","200","OK","Indexable","","2026-07-30 13:41:16"
"https://unityverseacademy.com/uploads/p/p/2b-cizgi-film-ve-animasyon-uzmanligi-canli-online-egitimi_2.jpg?v=1759405086","image/jpeg","200","OK","Indexable","","2026-07-30 13:41:16"
"https://unityverseacademy.com/uploads/p/o/X9cFsrJqWZGf.jpg","image/jpeg","200","OK","Indexable","","2026-07-30 13:41:16"
"https://unityverseacademy.com/uploads/fm/WhatsApp_Görsel_2025-09-23_saat_14_40_10_b4a342a21.jpg","image/jpeg","200","OK","Indexable","","2026-07-30 13:41:16"
"https://unityverseacademy.com/urun/3ds-max-corona-ile-fotogercekci-mimari-gorsellestirmeegitimi-yuz-yuze-1615/","text/html; charset=utf-8","200","OK","Indexable","","2026-07-30 13:41:16"
"https://unityverseacademy.com/uploads/fm/Ekran_görüntüsü_2023-03-21_182555.png","image/png","200","OK","Indexable","","2026-07-30 13:41:16"
"https://unityverseacademy.com/uploads/p/p/unreal-engine-5-ile-blueprint-oyun-gelistirme-yuz-yuze-egitim_1.jpg?v=1711707239","image/jpeg","200","OK","Indexable","","2026-07-30 13:41:17"
"https://unityverseacademy.com/urun/unreal-engine-ile-metaverse-gelistirme-online-canli-egitim-851/","text/html; charset=utf-8","200","OK","Indexable","","2026-07-30 13:41:17"
"https://unityverseacademy.com/uploads/p/p/yapay-zeka-destekli-unity-ile-oyun-gelistirme-egitimi-online_1.webp?v=1780419449","image/webp","200","OK","Indexable","","2026-07-30 13:41:17"
"https://unityverseacademy.com/uploads/p/p/s/Autodesk-Fusion-360-Endustriyel-Urun-Tasarimi-Egitimi_1.jpg?v=1660636265","image/jpeg","200","OK","Indexable","","2026-07-30 13:41:17"
"https://unityverseacademy.com/urun/veri-yapilari-egitimi-ozel-ders-1433/","text/html; charset=utf-8","200","OK","Indexable","","2026-07-30 13:41:17"
"https://unityverseacademy.com/urun/zbrush-ile-organik-modelleme-canli-online-ozel-ders-1052/","text/html; charset=utf-8","200","OK","Indexable","","2026-07-30 13:41:17"
"https://unityverseacademy.com/uploads/p/p/sketchupta-mimari-ve-ic-mekân-modelleme-egitimi-uygulamali-yuz-yuze_1.jpg?v=1766155079","image/jpeg","200","OK","Indexable","","2026-07-30 13:41:17"
"https://unityverseacademy.com/uploads/fm/IMG_508921.jpg","image/jpeg","200","OK","Indexable","","2026-07-30 13:41:17"
"https://unityverseacademy.com/urun/mimarlik-ic-mimarlik-icin-3d-tasarim-ve-gorsellestirme-egitimi-yuz-yuze-100-saat-1592/","text/html; charset=utf-8","200","OK","Indexable","","2026-07-30 13:41:17"
"https://unityverseacademy.com/urun/zbrush-ile-organik-modelleme-online-egitimi-1528/","text/html; charset=utf-8","200","OK","Indexable","","2026-07-30 13:41:17"
"https://unityverseacademy.com/uploads/p/p/desinatorluk-canli-online-egitimi_2.jpg?v=1699876654","image/jpeg","200","OK","Indexable","","2026-07-30 13:41:17"
"https://unityverseacademy.com/urun/adobe-illustrator-onlinecanli-ozel-ders-835/","text/html; charset=utf-8","200","OK","Indexable","","2026-07-30 13:41:17"
"https://unityverseacademy.com/public/tema10/js/vue-bundle.js?v=5.4.94","application/javascript; charset=UTF-8","200","OK","Indexable","","2026-07-30 13:41:18"
"https://unityverseacademy.com/urun/unreal-engine-ile-sanal-gerceklik-online-canli-egitim-653/","text/html; charset=utf-8","200","OK","Indexable","","2026-07-30 13:41:17"
"https://unityverseacademy.com/urun/kurumsal-iletisim-egitimi-ozel-ders-1436/","text/html; charset=utf-8","200","OK","Indexable","","2026-07-30 13:41:18"
"https://unityverseacademy.com/urun/adobe-photoshop-ve-adobe-illustrator-yuz-yuze-egitimi-1002/","text/html; charset=utf-8","200","OK","Indexable","","2026-07-30 13:41:17"
"https://unityverseacademy.com/urun/film-ve-animasyon-icin-storyboard-yuz-yuze-egitimi-599/","text/html; charset=utf-8","200","OK","Indexable","","2026-07-30 13:41:17"
"https://unityverseacademy.com/urun/adobe-photoshop-yuz-yuze-egitim-783/","text/html; charset=utf-8","200","OK","Indexable","","2026-07-30 13:41:18"
"https://unityverseacademy.com/urun/turkce-egitimi-ozel-ders-1438/","text/html; charset=utf-8","200","OK","Indexable","","2026-07-30 13:41:18"
"https://unityverseacademy.com/public/tema10/js/filters.js?v=5.4.97","application/javascript; charset=UTF-8","200","OK","Indexable","","2026-07-30 13:41:18"
"https://unityverseacademy.com/urun/dijital-pazarlama-pazar-yeri-ve-e-ticaret-yoneticiligi-egitimi-25-saat-ozel-ders-1298/","text/html; charset=utf-8","200","OK","Indexable","","2026-07-30 13:41:18"
"https://unityverseacademy.com/public/tema10/js/fancybox/jquery-3.3.1.js?v=5.4.94","application/javascript; charset=UTF-8","200","OK","Indexable","","2026-07-30 13:41:18"
"https://unityverseacademy.com/urun/mimarlik-icin-3d-tasarim-ve-gorsellestirme-egitimi-online-120-saat-1578/","text/html; charset=utf-8","200","OK","Indexable","","2026-07-30 13:41:18"
"https://unityverseacademy.com/uploads/p/p/insan-kaynaklari-egitimi-ozel-ders_1.jpg?v=1759325510","image/jpeg","200","OK","Indexable","","2026-07-30 13:41:18"
"https://unityverseacademy.com/uploads/p/p/fizik-egitimi-ozel-ders_2.jpg?v=1757943503","image/jpeg","200","OK","Indexable","","2026-07-30 13:41:18"
"https://unityverseacademy.com/urun/lineer-cebir-linear-algebra-egitimi-ozel-ders-1432/","text/html; charset=utf-8","200","OK","Indexable","","2026-07-30 13:41:18"
"https://unityverseacademy.com/uploads/p/cd/FOQfsSMU84Pt.jpg","image/jpeg","200","OK","Indexable","","2026-07-30 13:41:18"
"https://unityverseacademy.com/urun/profesyonel-mimari-render-ve-etkilesim-egitimi-online-24-saat-1613/","text/html; charset=utf-8","200","OK","Indexable","","2026-07-30 13:41:18"
"https://unityverseacademy.com/uploads/fm/3boyuntlu_modelleme_ve_animasyon3.jpg","image/jpeg","200","OK","Indexable","","2026-07-30 13:41:19"
"https://unityverseacademy.com/uploads/p/p/profesyonel-mimari-render-ve-etkilesim-egitimi-yuz-yuze-24-saat_1.jpg?v=1765798484","image/jpeg","200","OK","Indexable","","2026-07-30 13:41:19"
"https://unityverseacademy.com/urun/3ds-max-egitimi-10-saat-ozel-ders-1446/","text/html; charset=utf-8","200","OK","Indexable","","2026-07-30 13:41:19"
"https://unityverseacademy.com/public/tema10/js/fancybox/jquery.fancybox.js?v=5.4.94","application/javascript; charset=UTF-8","200","OK","Indexable","","2026-07-30 13:41:19"
"https://unityverseacademy.com/urun/2b-oyun-karakter-tasarimi-ve-animasyon-ozel-ders-20-saat-1251/","text/html; charset=utf-8","200","OK","Indexable","","2026-07-30 13:41:19"
"https://unityverseacademy.com/urun/cocuklar-icin-minecraft-ile-kodlama-egitimi-1689/","text/html; charset=utf-8","200","OK","Indexable","","2026-07-30 13:41:19"
"https://unityverseacademy.com/uploads/fm/2B-Oyun-Karakter-Tasarimi-ve-Animasyon-Hizlandirilmis-Egitimi_21.jpg","image/jpeg","200","OK","Indexable","","2026-07-30 13:41:19"
"https://unityverseacademy.com/urun/insan-kaynaklari-egitimi-ozel-ders-1437/","text/html; charset=utf-8","200","OK","Indexable","","2026-07-30 13:41:19"
"https://unityverseacademy.com/uploads/fm/IMG_50892.jpg","image/jpeg","200","OK","Indexable","","2026-07-30 13:41:19"
"https://unityverseacademy.com/uploads/fm/Ekran_görüntüsü_2023-03-21_104838.png","image/png","200","OK","Indexable","","2026-07-30 13:41:19"
"https://unityverseacademy.com/uploads/fm/ACP_Logo_Adobe_Certified_Professional_Adobe_Illustrator_digital_badge.png","image/png","200","OK","Indexable","","2026-07-30 13:41:19"
"https://unityverseacademy.com/uploads/p/p/lumion-egitimi_1.jpg?v=1757507245","image/jpeg","200","OK","Indexable","","2026-07-30 13:41:19"
"https://unityverseacademy.com/uploads/fm/WhatsApp_Image_2022-08-10_at_11_30_54_(1).jpg","image/jpeg","200","OK","Indexable","","2026-07-30 13:41:19"
"https://unityverseacademy.com/uploads/p/p/almanca-egitimi-ozel-ders_1.jpg?v=1759325961","image/jpeg","200","OK","Indexable","","2026-07-30 13:41:19"
"https://unityverseacademy.com/urun/unity-ile-oyun-gelistirme-canli-online-egitimi-8-ay-1479/","text/html; charset=utf-8","200","OK","Indexable","","2026-07-30 13:41:19"
"https://unityverseacademy.com/uploads/fm/projegeliştirmeai232.png","image/png","200","OK","Indexable","","2026-07-30 13:41:20"
"https://unityverseacademy.com/uploads/fm/IMG_50452.jpg","image/jpeg","200","OK","Indexable","","2026-07-30 13:41:20"
"https://unityverseacademy.com/uploads/fm/Unity_Certified_User_Prog_Logo3.png","image/png","200","OK","Indexable","","2026-07-30 13:41:20"
"https://unityverseacademy.com/urun/proje-yonetimi-egitimi-1126/","text/html; charset=utf-8","200","OK","Indexable","","2026-07-30 13:41:20"
"https://unityverseacademy.com/uploads/fm/WhatsApp_Image_2025-02-20_at_17_31_198.jpg","image/jpeg","200","OK","Indexable","","2026-07-30 13:41:20"
"https://unityverseacademy.com/uploads/fm/Microsoft®_Certified_Fundamentals1.png","image/png","200","OK","Indexable","","2026-07-30 13:41:20"
"https://unityverseacademy.com/uploads/p/p/unity-ile-oyun-gelistirme-online-ozel-ders_1.jpeg?v=1747057605","image/jpeg","200","OK","Indexable","","2026-07-30 13:41:20"
"https://unityverseacademy.com/urun/yonetmenlik-ve-sinematografiye-giris-yuz-yuze-ozel-ders-1056/","text/html; charset=utf-8","200","OK","Indexable","","2026-07-30 13:41:20"
"https://unityverseacademy.com/uploads/p/p/3ds-max-corona-ile-fotogercekci-mimari-gorsellestirmeegitimi-online_2.jpg?v=1765798392","image/jpeg","200","OK","Indexable","","2026-07-30 13:41:20"
"https://unityverseacademy.com/uploads/p/p/unreal-engine-ile-metaverse-gelistirme-yuz-yuze-egitim_1.jpg?v=1759587967","image/jpeg","200","OK","Indexable","","2026-07-30 13:41:20"
"https://unityverseacademy.com/uploads/fm/IMG_51231.jpg","image/jpeg","200","OK","Indexable","","2026-07-30 13:41:20"
"https://unityverseacademy.com/uploads/p/p/rhino-egitimi-40-saat-online_1.jpeg?v=1756551659","image/jpeg","200","OK","Indexable","","2026-07-30 13:41:20"
"https://unityverseacademy.com/uploads/p/p/autodesk-fusion-360-endustriyel-urun-tasarimi-uzmanligi-canli-online-ozel-ders_2.jpg?v=1762940154","image/jpeg","200","OK","Indexable","","2026-07-30 13:41:20"
"https://unityverseacademy.com/uploads/p/p/rhino-egitimi-24-saat-online-ozel-ders_1.jpeg?v=1756551156","image/jpeg","200","OK","Indexable","","2026-07-30 13:41:20"
"https://unityverseacademy.com/uploads/fm/Adobe_ACP_Adobe_Certified_Professional_Certificate_-_B5_150.jpg","image/jpeg","200","OK","Indexable","","2026-07-30 13:41:20"
"https://unityverseacademy.com/uploads/p/p/3ds-max-egitimi-10-saat-ozel-ders_1.jpg?v=1762865299","image/jpeg","200","OK","Indexable","","2026-07-30 13:41:21"
"https://unityverseacademy.com/uploads/p/p/sosyal-medya-ve-google-reklamciligi-yuz-yuze-egitimi_1.jpg?v=1761747539","image/jpeg","200","OK","Indexable","","2026-07-30 13:41:21"
"https://unityverseacademy.com/uploads/fm/ACP_Logo_Adobe_Certified_Professional_Adobe_Photoshop_digital_badge.png","image/png","200","OK","Indexable","","2026-07-30 13:41:21"
"https://unityverseacademy.com/uploads/p/p/unity-ile-oyun-gelistirme-yuz-yuze-egitimi_2.jpeg?v=1753523081","image/jpeg","200","OK","Indexable","","2026-07-30 13:41:21"
"https://unityverseacademy.com/uploads/p/p/unreal-engine-ile-sanal-gerceklik-yuz-yuze-egitim_2.jpg?v=1759591008","image/jpeg","200","OK","Indexable","","2026-07-30 13:41:21"
"https://unityverseacademy.com/uploads/p/b/fatih-yilmazin-yazilim-yolculugu-ve-lufthansadaki-basarisi_1.webp?v=1779437179","image/webp","200","OK","Indexable","","2026-07-30 13:41:21"
"https://unityverseacademy.com/uploads/fm/Doç__Dr__Ali_Çivril_pdf_11.jpg","image/jpeg","200","OK","Indexable","","2026-07-30 13:41:21"
"https://unityverseacademy.com/blog-detay/3b-modelleme-egitimleri-zbrush-ileri-seviye-284/","text/html; charset=utf-8","200","OK","Indexable","","2026-07-30 13:41:21"
"https://unityverseacademy.com/uploads/fm/Kurucu_Eğitmen_Öğr__Gör__Nevin_Eryılmaz_pdf_22.jpg","image/jpeg","200","OK","Indexable","","2026-07-30 13:41:21"
"https://unityverseacademy.com/blog-detay/blender-egitimi-3d-modelleme-animasyon-ve-render-rehberi-280/","text/html; charset=utf-8","200","OK","Indexable","","2026-07-30 13:41:21"
"https://unityverseacademy.com/urun/excel-kursu-temelden-ileri-seviyeye-1122/","text/html; charset=utf-8","200","OK","Indexable","","2026-07-30 13:41:21"
"https://unityverseacademy.com/uploads/fm/dijital_oyun_geliştirme_(1)3.jpg","image/jpeg","200","OK","Indexable","","2026-07-30 13:41:21"
"https://unityverseacademy.com/blog-detay/3dsmax-kursu-294/","text/html; charset=utf-8","200","OK","Indexable","","2026-07-30 13:41:21"
"https://unityverseacademy.com/uploads/p/o/CLDIvixRzArT.png?v=1731497148","image/png","200","OK","Indexable","","2026-07-30 13:41:21"
"https://unityverseacademy.com/urun/2b-cizgi-film-ve-animasyon-yuz-yuze-egitimi-614/","text/html; charset=utf-8","200","OK","Indexable","","2026-07-30 13:41:21"
"https://unityverseacademy.com/uploads/p/b/elif-arslanin-yazilim-gelistirici-olarak-ayakkabi-dunyasindaki-baslangici_2.webp?v=1779437223","image/webp","200","OK","Indexable","","2026-07-30 13:41:21"
"https://unityverseacademy.com/blog-detay/blender-egitimi-blender-profesyonel-kullanim-rehberi-308/","text/html; charset=utf-8","200","OK","Indexable","","2026-07-30 13:41:21"
"https://unityverseacademy.com/urun/3ds-max-egitimi-30-saat-ozel-ders-1128/","text/html; charset=utf-8","200","OK","Indexable","","2026-07-30 13:41:21"
"https://unityverseacademy.com/public/tema10/js/blog-detail-gallery.js?v=1.0.0","application/javascript; charset=UTF-8","200","OK","Indexable","","2026-07-30 13:41:22"
"https://unityverseacademy.com/urun/ayrik-matematik-discrete-mathematics-egitimi-ozel-ders-1431/","text/html; charset=utf-8","200","OK","Indexable","","2026-07-30 13:41:22"
"https://unityverseacademy.com/uploads/p/p/microsoft-office-egitimi_1.jpg?v=1757933202","image/jpeg","200","OK","Indexable","","2026-07-30 13:41:21"
"https://unityverseacademy.com/urun/unity-ile-oyun-gelistirme-yuz-yuze-egitimi-1481/","text/html; charset=utf-8","200","OK","Indexable","","2026-07-30 13:41:21"
"https://unityverseacademy.com/uploads/p/p/unreal-engine-ile-oyun-gelistirme-ozel-ders-online-canli-egitim-100-saat_1.jpg?v=1757921756","image/jpeg","200","OK","Indexable","","2026-07-30 13:41:22"
"https://unityverseacademy.com/uploads/fm/IMG_5023.jpg","image/jpeg","200","OK","Indexable","","2026-07-30 13:41:22"
"https://unityverseacademy.com/uploads/fm/OYUN_ÖRNEK_SERTİFİKA3.jpg","image/jpeg","200","OK","Indexable","","2026-07-30 13:41:22"
"https://unityverseacademy.com/urun/autodesk-fusion-360-endustriyel-urun-tasarimi-uzmanligi-canli-online-ozel-ders-1368/","text/html; charset=utf-8","200","OK","Indexable","","2026-07-30 13:41:22"
"https://unityverseacademy.com/uploads/fm/Feyyaz_Ağırman_pdf_11.jpg","image/jpeg","200","OK","Indexable","","2026-07-30 13:41:22"
"https://unityverseacademy.com/urun/bilgisayarli-muhasebe-egitimi-10-saat-1125/","text/html; charset=utf-8","200","OK","Indexable","","2026-07-30 13:41:22"
"https://unityverseacademy.com/uploads/p/p/cocuklar-icin-minecraft-ile-kodlama-egitimi_1.webp?v=1780424011","image/webp","200","OK","Indexable","","2026-07-30 13:41:22"
"https://unityverseacademy.com/uploads/p/p/revit-egitimi_1.jpg?v=1757507764","image/jpeg","200","OK","Indexable","","2026-07-30 13:41:22"
"https://unityverseacademy.com/urun/diferansiyel-denklemler-egitimi-ozel-ders-1434/","text/html; charset=utf-8","200","OK","Indexable","","2026-07-30 13:41:22"
"https://unityverseacademy.com/uploads/p/p/excel-kursu-temelden-ileri-seviyeye_1.jpg?v=1757932029","image/jpeg","200","OK","Indexable","","2026-07-30 13:41:22"
"https://unityverseacademy.com/uploads/p/p/ic-mimarlik-ve-dekorasyon-egitimi_1.jpg?v=1757507465","image/jpeg","200","OK","Indexable","","2026-07-30 13:41:22"
"https://unityverseacademy.com/uploads/p/p/sosyal-medya-ve-google-reklamciligi-canli-online-egitimi_1.jpg?v=1699715495","image/jpeg","200","OK","Indexable","","2026-07-30 13:41:22"
"https://unityverseacademy.com/urun/unreal-engine-ile-oyun-gelistirme-ozel-ders-online-canli-egitim-100-saat-1303/","text/html; charset=utf-8","200","OK","Indexable","","2026-07-30 13:41:22"
"https://unityverseacademy.com/uploads/fm/IMG_504523.jpg","image/jpeg","200","OK","Indexable","","2026-07-30 13:41:23"
"https://unityverseacademy.com/urun/yonetmenlik-ve-sinematografiye-giris-canli-online-egitimi-585/","text/html; charset=utf-8","200","OK","Indexable","","2026-07-30 13:41:22"
"https://unityverseacademy.com/uploads/p/p/film-ve-animasyon-icin-storyboard-yuz-yuze-egitimi-ozel-ders_1.jpg?v=1759586033","image/jpeg","200","OK","Indexable","","2026-07-30 13:41:23"
"https://unityverseacademy.com/urun/egitim-koclugu-ozel-ders-1439/","text/html; charset=utf-8","200","OK","Indexable","","2026-07-30 13:41:22"
"https://unityverseacademy.com/uploads/p/p/cocuk-ve-gencler-icin-unity-ile-oyun-gelistirme-canli-online-egitimi_2.jpg?v=1759588466","image/jpeg","200","OK","Indexable","","2026-07-30 13:41:23"
"https://unityverseacademy.com/urun/grafik-tasarim-ve-video-efekt-uzmanligi-yuz-yuze-egitimi-1489/","text/html; charset=utf-8","200","OK","Indexable","","2026-07-30 13:41:23"
"https://unityverseacademy.com/uploads/p/p/film-ve-animasyon-icin-storyboard-yuz-yuze-egitimi_1.jpg?v=1759588333","image/jpeg","200","OK","Indexable","","2026-07-30 13:41:23"
"https://unityverseacademy.com/uploads/fm/IMG_4921-min2.jpg","image/jpeg","200","OK","Indexable","","2026-07-30 13:41:23"
"https://unityverseacademy.com/uploads/fm/endüstriyell_modelleme114.jpg","image/jpeg","200","OK","Indexable","","2026-07-30 13:41:23"
"https://unityverseacademy.com/urun/36-saat-kapsamli-zbrush-modelleme-egitimi-yuz-yuze-1539/","text/html; charset=utf-8","200","OK","Indexable","","2026-07-30 13:41:23"
"https://unityverseacademy.com/uploads/fm/2B_animasyon_01-1.png","image/png","200","OK","Indexable","","2026-07-30 13:41:23"
"https://unityverseacademy.com/uploads/p/p/kurumsal-iletisim-egitimi-ozel-ders_1.jpg?v=1759325379","image/jpeg","200","OK","Indexable","","2026-07-30 13:41:23"
"https://unityverseacademy.com/urun/matematik-egitimi-ozel-ders-1428/","text/html; charset=utf-8","200","OK","Indexable","","2026-07-30 13:41:23"
"https://unityverseacademy.com/blog-detay/maya-egitimi-285/","text/html; charset=utf-8","200","OK","Indexable","","2026-07-30 13:41:23"
"https://unityverseacademy.com/uploads/fm/IMG_58715.jpg","image/jpeg","200","OK","Indexable","","2026-07-30 13:41:23"
"https://unityverseacademy.com/uploads/fm/Adobe_Certified_Professional_Program_Provider_badge.png","image/png","200","OK","Indexable","","2026-07-30 13:41:23"
"https://unityverseacademy.com/urun/revit-egitimi-online-1129/","text/html; charset=utf-8","200","OK","Indexable","","2026-07-30 13:41:23"
"https://unityverseacademy.com/uploads/p/p/excel-kursu-temelden-ileri-seviyeye-10-saat_2.jpg?v=1775131223","image/jpeg","200","OK","Indexable","","2026-07-30 13:41:23"
"https://unityverseacademy.com/sayfa/hakkimizda/25/","text/html; charset=utf-8","200","OK","Non-Indexable","Canonicalised","2026-07-30 13:41:23"
"https://unityverseacademy.com/blog-detay/3ds-max-egitimi-uv-mapping-ve-kaplama-yonetimi-305/","text/html; charset=utf-8","200","OK","Indexable","","2026-07-30 13:41:23"
"https://unityverseacademy.com/urun/profesyonel-mimari-render-ve-etkilesim-egitimi-yuz-yuze-24-saat-1612/","text/html; charset=utf-8","200","OK","Indexable","","2026-07-30 13:41:23"
"https://unityverseacademy.com/uploads/p/p/2b-cizgi-film-ve-animasyon-yuz-yuze-egitimi_2.jpg?v=1759405015","image/jpeg","200","OK","Indexable","","2026-07-30 13:41:23"
"https://unityverseacademy.com/urun/mimarlik-ic-mimarlik-icin-3d-tasarim-ve-gorsellestirme-egitimi-yuz-yuze-1504/","text/html; charset=utf-8","200","OK","Indexable","","2026-07-30 13:41:23"
"https://unityverseacademy.com/uploads/p/p/ingilizce-egitimi-ozel-ders_1.jpg?v=1759326463","image/jpeg","200","OK","Indexable","","2026-07-30 13:41:24"
"https://unityverseacademy.com/urun/unreal-engine-ile-sanal-gerceklik-yuz-yuze-egitim-654/","text/html; charset=utf-8","200","OK","Indexable","","2026-07-30 13:41:23"
"https://unityverseacademy.com/urun/autocad-egitimi-ozel-ders-1300/","text/html; charset=utf-8","200","OK","Indexable","","2026-07-30 13:41:24"
"https://unityverseacademy.com/urun/sosyal-medya-ve-google-reklamciligi-canli-online-egitimi-1072/","text/html; charset=utf-8","200","OK","Indexable","","2026-07-30 13:41:24"
