"Address","Word Count","Sentence Count","Average Words Per Sentence","Flesch Reading Ease Score","Readability","Indexability","Indexability Status"
"https://unityverseacademy.com/","2242","503","4,457","13,716","Very Hard","Indexable",""
"https://unityverseacademy.com/urun/autodesk-fusion-360-endustriyel-urun-tasarimi-uzmanligi-canli-online-egitimi-584/","2218","470","4,719","6,641","Very Hard","Indexable",""
"https://unityverseacademy.com/urun/desinatorluk-canli-online-egitimi-563/","3297","737","4,474","15,723","Very Hard","Indexable",""
"https://unityverseacademy.com/sayfa/uyelik-sozlesmesi-ve-gizlilik-politikasi-27/","4217","790","5,338","0,000","Very Hard","Indexable",""
"https://unityverseacademy.com/urun/unity-ile-oyun-gelistirme-canli-online-egitimi-staj-garantili-17/","4528","877","5,163","12,721","Very Hard","Indexable",""
"https://unityverseacademy.com/sayfa/hakkimizda-25/","926","208","4,452","2,328","Very Hard","Indexable",""
"https://unityverseacademy.com/urun/profesyonel-3b-modelleme-dijital-sanat-programi-online-1/","2580","551","4,682","7,338","Very Hard","Indexable",""
"https://unityverseacademy.com/urun/2b-cizgi-film-ve-animasyon-uzmanligi-canli-online-egitimi-565/","2502","522","4,793","5,483","Very Hard","Indexable",""
"https://unityverseacademy.com/blog-detay/burak-ercayanin-yazilim-test-otomasyonu-egitimi-ve-testiniumdaki-isi-88/","762","161","4,733","21,729","Very Hard","Indexable",""
"https://unityverseacademy.com/sayfa/kisisel-verilerin-korunmasi-hakkinda-aydinlatma-bildirimi-29/","2534","461","5,497","0,000","Very Hard","Indexable",""
"https://unityverseacademy.com/sayfa/mesafeli-satis-sozlesmesi-26/","3886","677","5,740","12,825","Very Hard","Indexable",""
"https://unityverseacademy.com/urun/2b-oyun-karakter-tasarimi-ve-animasyon-canli-online-egitimi-553/","2710","548","4,945","6,611","Very Hard","Indexable",""
"https://unityverseacademy.com/urun/grafik-tasarim-ve-video-efekt-uzmanligi-canli-online-egitimi-staj-garantili-564/","4367","964","4,530","11,320","Very Hard","Indexable",""
"https://unityverseacademy.com/urun/c-programlama-canli-online-egitimi-10/","2466","518","4,761","9,337","Very Hard","Indexable",""
"https://unityverseacademy.com/urun/grafik-tasarim-ve-video-efekt-uzmanligi-yuz-yuze-egitimi-staj-garantili-613/","3772","839","4,496","14,165","Very Hard","Indexable",""
"https://unityverseacademy.com/urun/unity-ile-oyun-gelistirme-yuz-yuze-egitimi-staj-garantili-598/","4467","870","5,134","12,973","Very Hard","Indexable",""
"https://unityverseacademy.com/urun/blender-3b-oyun-modelleme-canli-online-egitim-2/","2154","454","4,744","11,178","Very Hard","Indexable",""
"https://unityverseacademy.com/urun/yazilim-uzmanligi-yuz-yuze-egitimi-staj-garantili-669/","5084","1143","4,448","20,324","Very Hard","Indexable",""
"https://unityverseacademy.com/urun/yazilim-test-otomasyonu-egitimi-canli-online-egitimi-staj-garantili-7/","3974","763","5,208","8,271","Very Hard","Indexable",""
"https://unityverseacademy.com/blog-detay/arda-bickinnin-yazilim-test-otomasyonu-egitimi-ve-testiniumdaki-staj-sureci-89/","834","174","4,793","21,916","Very Hard","Indexable",""
"https://unityverseacademy.com/urun/2026-python-bootcamp-sifirdan-python-canli-online-egitimi-8/","2941","592","4,968","7,020","Very Hard","Indexable",""
"https://unityverseacademy.com/urun/unity-ile-oyun-gelistirme-yuz-yuze-ozel-ders-1045/","3682","729","5,051","9,279","Very Hard","Indexable",""
"https://unityverseacademy.com/urun/autodesk-fusion-360-endustriyel-urun-tasarimi-uzmanligi-yuz-yuze-ozel-ders-20-saat-1591/","720","170","4,235","29,811","Very Hard","Indexable",""
"https://unityverseacademy.com/urun/adobe-photoshop-onlinecanli-egitim-779/","2896","645","4,490","7,604","Very Hard","Indexable",""
"https://unityverseacademy.com/urun/3ds-max-corona-ile-fotogercekci-mimari-gorsellestirmeegitimi-online-1614/","1694","339","4,997","27,069","Very Hard","Indexable",""
"https://unityverseacademy.com/urun/unreal-engine-ile-oyun-gelistirme-150-saatlik-kapsamli-blueprintmufredati-online-1028/","2748","615","4,468","16,937","Very Hard","Indexable",""
"https://unityverseacademy.com/urun/flutter-ile-mobil-uygulama-gelistirme-canli-online-egitimi-557/","3458","684","5,056","2,681","Very Hard","Indexable",""
"https://unityverseacademy.com/urun/unity-ile-oyun-gelistirme-online-ozel-ders-1256/","2426","487","4,982","17,584","Very Hard","Indexable",""
"https://unityverseacademy.com/urun/unreal-engine-5-gorsellestirme-ve-animasyon-yuz-yuze-egitim-1032/","1793","393","4,562","6,062","Very Hard","Indexable",""
"https://unityverseacademy.com/urun/grafik-tasarim-ve-video-efekt-uzmanligi-canli-online-egitimi-1484/","3768","840","4,486","14,132","Very Hard","Indexable",""
"https://unityverseacademy.com/urun/yonetmenlik-ve-sinematografiye-giris-yuz-yuze-egitimi-620/","1771","395","4,484","4,184","Very Hard","Indexable",""
"https://unityverseacademy.com/urun/unity-ile-oyun-gelistirme-yuz-yuze-ozel-ders-1361/","3675","727","5,055","9,231","Very Hard","Indexable",""
"https://unityverseacademy.com/urun/film-ve-animasyon-icin-storyboard-canli-online-egitimi-551/","2531","521","4,858","5,930","Very Hard","Indexable",""
"https://unityverseacademy.com/urun/zbrush-ile-organik-modelleme-yuz-yuze-egitimi-590/","2159","459","4,704","9,428","Very Hard","Indexable",""
"https://unityverseacademy.com/urun/java-yazilim-egitimi-online-819/","2863","586","4,886","7,707","Very Hard","Indexable",""
"https://unityverseacademy.com/urun/zbrush-ile-organik-modelleme-canli-yuz-yuze-ozel-ders-1533/","1007","234","4,303","24,110","Very Hard","Indexable",""
"https://unityverseacademy.com/urun/unreal-engine-ile-sanal-gerceklik-vr-ozel-ders-online-canli-egitim-1029/","1644","373","4,408","11,600","Very Hard","Indexable",""
"https://unityverseacademy.com/urun/unreal-engine-ile-sanal-gerceklik-ozel-ders-online-canli-egitim-1044/","1623","368","4,410","11,839","Very Hard","Indexable",""
"https://unityverseacademy.com/urun/flutter-ile-mobil-uygulama-gelistirme-yuz-yuze-egitimi-606/","3462","685","5,054","2,912","Very Hard","Indexable",""
"https://unityverseacademy.com/urun/adobe-photoshop-ve-adobe-illustrator-onlinecanli-egitim-1001/","3538","794","4,456","10,300","Very Hard","Indexable",""
"https://unityverseacademy.com/urun/cocuklar-icin-unity-ile-oyun-gelistirme-canli-online-egitimi-1380/","3300","676","4,882","5,916","Very Hard","Indexable",""
"https://unityverseacademy.com/urun/unreal-engine-ile-oyun-gelistirme-150-saatlik-kapsamli-blueprintmufredati-yuz-yuze-egitim-1116/","2753","615","4,476","17,235","Very Hard","Indexable",""
"https://unityverseacademy.com/urun/java-yazilim-egitimi-yuz-yuze-821/","2858","586","4,877","7,820","Very Hard","Indexable",""
"https://unityverseacademy.com/urun/desinatorluk-yuz-yuze-egitimi-612/","3286","734","4,477","15,996","Very Hard","Indexable",""
"https://unityverseacademy.com/urun/unreal-engine-ile-metaverse-gelistirme-yuz-yuze-egitim-850/","1924","430","4,474","10,624","Very Hard","Indexable",""
"https://unityverseacademy.com/urun/desinatorluk-egitimi-ozel-ders-1412/","2506","610","4,108","22,527","Very Hard","Indexable",""
"https://unityverseacademy.com/urun/sosyal-medya-ve-google-reklamciligi-yuz-yuze-egitimi-1558/","2046","431","4,747","4,699","Very Hard","Indexable",""
"https://unityverseacademy.com/urun/3ds-max-corona-ile-fotogercekci-mimari-gorsellestirmeegitimi-yuz-yuze-1615/","1697","339","5,006","27,469","Very Hard","Indexable",""
"https://unityverseacademy.com/urun/unreal-engine-ile-metaverse-gelistirme-online-canli-egitim-851/","1926","432","4,458","10,005","Very Hard","Indexable",""
"https://unityverseacademy.com/urun/zbrush-ile-organik-modelleme-online-egitimi-1528/","997","231","4,316","23,241","Very Hard","Indexable",""
"https://unityverseacademy.com/urun/adobe-illustrator-onlinecanli-ozel-ders-835/","2716","597","4,549","8,597","Very Hard","Indexable",""
"https://unityverseacademy.com/urun/unreal-engine-ile-sanal-gerceklik-online-canli-egitim-653/","1636","370","4,422","11,842","Very Hard","Indexable",""
"https://unityverseacademy.com/urun/adobe-photoshop-ve-adobe-illustrator-yuz-yuze-egitimi-1002/","3187","723","4,408","12,907","Very Hard","Indexable",""
"https://unityverseacademy.com/urun/film-ve-animasyon-icin-storyboard-yuz-yuze-egitimi-599/","2525","521","4,846","6,146","Very Hard","Indexable",""
"https://unityverseacademy.com/urun/adobe-photoshop-yuz-yuze-egitim-783/","2546","575","4,428","10,778","Very Hard","Indexable",""
"https://unityverseacademy.com/urun/profesyonel-mimari-render-ve-etkilesim-egitimi-online-24-saat-1613/","1224","281","4,356","29,827","Very Hard","Indexable",""
"https://unityverseacademy.com/urun/unity-ile-oyun-gelistirme-canli-online-egitimi-8-ay-1479/","886","212","4,179","22,126","Very Hard","Indexable",""
"https://unityverseacademy.com/urun/yonetmenlik-ve-sinematografiye-giris-yuz-yuze-ozel-ders-1056/","1709","384","4,451","5,495","Very Hard","Indexable",""
"https://unityverseacademy.com/urun/2b-cizgi-film-ve-animasyon-yuz-yuze-egitimi-614/","2499","522","4,787","5,862","Very Hard","Indexable",""
"https://unityverseacademy.com/blog-detay/blender-egitimi-blender-profesyonel-kullanim-rehberi-308/","1086","224","4,848","27,495","Very Hard","Indexable",""
"https://unityverseacademy.com/urun/unity-ile-oyun-gelistirme-yuz-yuze-egitimi-1481/","2425","486","4,990","18,372","Very Hard","Indexable",""
"https://unityverseacademy.com/urun/autodesk-fusion-360-endustriyel-urun-tasarimi-uzmanligi-canli-online-ozel-ders-1368/","727","175","4,154","29,345","Very Hard","Indexable",""
"https://unityverseacademy.com/urun/yonetmenlik-ve-sinematografiye-giris-canli-online-egitimi-585/","1771","395","4,484","3,801","Very Hard","Indexable",""
"https://unityverseacademy.com/urun/grafik-tasarim-ve-video-efekt-uzmanligi-yuz-yuze-egitimi-1489/","4362","964","4,525","11,844","Very Hard","Indexable",""
"https://unityverseacademy.com/urun/unreal-engine-ile-sanal-gerceklik-yuz-yuze-egitim-654/","1633","369","4,425","12,421","Very Hard","Indexable",""
"https://unityverseacademy.com/urun/sosyal-medya-ve-google-reklamciligi-canli-online-egitimi-1072/","1964","417","4,710","5,286","Very Hard","Indexable",""
