"Address","Word Count","Sentence Count","Average Words Per Sentence","Flesch Reading Ease Score","Readability","Closest Near Duplicate Match","No. Near Duplicates","Closest Semantically Similar Address","Semantic Similarity Score","No. Semantically Similar","Semantic Relevance Score","Total Language Errors","Spelling Errors","Grammar Errors","Language","Hash","Indexability","Indexability Status"
"https://unityverseacademy.com/","2242","503","4,457","13,716","Very Hard","","","","","","","","","","tr","f97c77603b987c374a25b49fff87e8dd","Indexable",""
"https://unityverseacademy.com/kategori/animasyon-egitimleri-248/","630","203","3,103","63,222","Normal","","","","","","","","","","tr","f58563d947190bd711452194d7d1c19","Indexable",""
"https://unityverseacademy.com/urun/autodesk-fusion-360-endustriyel-urun-tasarimi-uzmanligi-canli-online-egitimi-584/","2218","470","4,719","6,641","Very Hard","","","","","","","","","","tr","e8cd140447dbc8a09e6ac93bbd2eac76","Indexable",""
"https://unityverseacademy.com/urun/desinatorluk-canli-online-egitimi-563/","3297","737","4,474","15,723","Very Hard","","","","","","","","","","tr","dd51adb80a70792a97ea8344239e300e","Indexable",""
"https://unityverseacademy.com/sayfa/iptal-ve-iade-kosullari-28/","535","128","4,180","34,025","Hard","","","","","","","","","","tr","6f53fe377507d1274a9ae57046b0bb27","Indexable",""
"https://unityverseacademy.com/kategori/oyun-gelistirme-egitimleri-244/","971","274","3,544","62,441","Normal","","","","","","","","","","tr","c92d54c31a3f979d289657324a9b8d4","Indexable",""
"https://unityverseacademy.com/sayfa/uyelik-sozlesmesi-ve-gizlilik-politikasi-27/","4217","790","5,338","0,000","Very Hard","","","","","","","","","","tr","563bf1db9e235d1ce9b4a4e65871954d","Indexable",""
"https://unityverseacademy.com/urun/unity-ile-oyun-gelistirme-canli-online-egitimi-staj-garantili-17/","4528","877","5,163","12,721","Very Hard","","","","","","","","","","tr","6f7ee6507dbcfe015a864d9d9f03ee8","Indexable",""
"https://unityverseacademy.com/kategori/mimarlik-egitimleri-259/","859","273","3,147","60,245","Normal","","","","","","","","","","tr","7caa7bc6c9c8dd7e2aeaea66adda56a9","Indexable",""
"https://unityverseacademy.com/sayfa/hakkimizda-25/","926","208","4,452","2,328","Very Hard","","","","","","","","","","tr","d34a995b3830ca777d103eacd211b1e9","Indexable",""
"https://unityverseacademy.com/blog-detay/suleyman-ozgonul-oyun-gelistiricilikte-zirveye-giden-yol-129/","552","137","4,029","32,626","Hard","","","","","","","","","","tr","e62e3da9bce2073210ecf0066ac79a9b","Indexable",""
"https://unityverseacademy.com/urun/profesyonel-3b-modelleme-dijital-sanat-programi-online-1/","2580","551","4,682","7,338","Very Hard","","","","","","","","","","tr","9e241ca6b517ba54c4a4f7e328dc652b","Indexable",""
"https://unityverseacademy.com/kategori/mimarlik-egitimleri-ozel-ders-274/","481","160","3,006","72,399","Fairly Easy","","","","","","","","","","tr","33ca3ecc954123e76918fed339c64e38","Indexable",""
"https://unityverseacademy.com/blog-detay/filiz-tumuklunun-yazilim-test-otomasyonu-egitimi-ve-kariyer-basarisi-90/","781","162","4,821","30,359","Hard","","","","","","","","","","tr","9cf41cc260dd6b9f05db0d7b7fed8fc","Indexable",""
"https://unityverseacademy.com/kategori/dijital-pazarlama-egitimleri-255/","522","172","3,035","63,403","Normal","","","","","","","","","","tr","12f5e71f57ea4a1fe97c5a8130c1e195","Indexable",""
"https://unityverseacademy.com/kategori/ozel-dersler-256/","750","253","2,964","59,781","Fairly Hard","","","","","","","","","","tr","fb976026a4d2dba19e31e98cd66052ea","Indexable",""
"https://unityverseacademy.com/urun/2b-cizgi-film-ve-animasyon-uzmanligi-canli-online-egitimi-565/","2502","522","4,793","5,483","Very Hard","","","","","","","","","","tr","7a79524a5d0088c61d3794a432d8f020","Indexable",""
"https://unityverseacademy.com/os/KARIYER-14/","251","83","3,024","55,463","Fairly Hard","","","","","","","","","","tr","23972be48667a277d0f14e448a14d777","Non-Indexable","Canonicalised"
"https://unityverseacademy.com/blog-detay/burak-ercayanin-yazilim-test-otomasyonu-egitimi-ve-testiniumdaki-isi-88/","762","161","4,733","21,729","Very Hard","","","","","","","","","","tr","1dcde5173ed63451be3fc9d5b5cdf793","Indexable",""
"https://unityverseacademy.com/sayfa/kisisel-verilerin-korunmasi-hakkinda-aydinlatma-bildirimi-29/","2534","461","5,497","0,000","Very Hard","","","","","","","","","","tr","e680af4a43205ae91144e53c6f20d140","Indexable",""
"https://unityverseacademy.com/blog-detay/elif-arslanin-yazilim-gelistirici-olarak-ayakkabi-dunyasindaki-baslangici-94/","558","135","4,133","33,440","Hard","","","","","","","","","","tr","be4ee1b16fe99a622a5e02cf002bad50","Indexable",""
"https://unityverseacademy.com/kategori/muhasebe-ve-ofis-egitimleri-258/","560","186","3,011","65,549","Normal","","","","","","","","","","tr","c650b60b8d16ae890de3b50112f39083","Indexable",""
"https://unityverseacademy.com/blog-detay/oguzhan-durakin-grafik-tasarim-ve-video-kurgu-alanindaki-yolculugu-100/","683","150","4,553","35,491","Hard","","","","","","","","","","tr","f49be47314b4d176d2780fd2d198e86c","Indexable",""
"https://unityverseacademy.com/sayfa/mesafeli-satis-sozlesmesi-26/","3886","677","5,740","12,825","Very Hard","","","","","","","","","","tr","6df8eb2d41b23f95da698cbfa94b509e","Indexable",""
"https://unityverseacademy.com/urun/2b-oyun-karakter-tasarimi-ve-animasyon-canli-online-egitimi-553/","2710","548","4,945","6,611","Very Hard","","","","","","","","","","tr","d6249121118c7e745fca7febc6e2d561","Indexable",""
"https://unityverseacademy.com/blog-detay/berkay-kurt-multiplayer-oyun-gelistiriciliginde-bir-yildiz-130/","535","134","3,993","33,266","Hard","","","","","","","","","","tr","d1abadf1bb7b1d135a9bf42a10644044","Indexable",""
"https://unityverseacademy.com/blog-detay/fatih-yilmazin-yazilim-yolculugu-ve-lufthansadaki-basarisi-91/","832","173","4,809","33,364","Hard","","","","","","","","","","tr","e90e63630cf252e4d386398ebb5ceea","Indexable",""
"https://unityverseacademy.com/kategori/3d-modelleme-ozel-ders-273/","477","159","3,000","75,560","Fairly Easy","","","","","","","","","","tr","c3ca1926bf4d914adce2eb9356f67487","Indexable",""
"https://unityverseacademy.com/tum-urunler/","5788","1567","3,694","57,009","Fairly Hard","","","","","","","","","","tr","bcd26e74560ed393e183e37d484eeddd","Indexable",""
"https://unityverseacademy.com/kategori/endustriyel-urun-tasarim-egitimleri-253/","588","186","3,161","68,381","Normal","","","","","","","","","","tr","e1aee902465c322a3f08f4c4b671903f","Indexable",""
"https://unityverseacademy.com/sayfa/kvkk-aydinlatma-metni/","2534","461","5,497","0,000","Very Hard","","","","","","","","","","tr","e680af4a43205ae91144e53c6f20d140","Non-Indexable","Canonicalised"
"https://unityverseacademy.com/kategori/ses-tasarim-egitimleri-251/","548","186","2,946","63,359","Normal","","","","","","","","","","tr","70ed61f0f5c4ede076e7193dcf3df943","Indexable",""
"https://unityverseacademy.com/kategori/yazilim-egitimleri-ozel-ders-268/","477","159","3,000","73,432","Fairly Easy","","","","","","","","","","tr","59319e08efd04a1a9f70fa304d37e739","Indexable",""
"https://unityverseacademy.com/blog/","755","191","3,953","32,166","Hard","","","","","","","","","","tr","c327b6b3c3fcca4164bd3544ffa7e087","Indexable",""
"https://unityverseacademy.com/blog-detay/gorkem-tekinin-vakif-katilimdaki-backend-developer-yolculugu-96/","565","134","4,216","36,500","Hard","","","","","","","","","","tr","407de6c5d1b5fc7a7dae0b25d354cd63","Indexable",""
"https://unityverseacademy.com/os/KURUMSAL-EGITIMLER-10/","718","201","3,572","31,888","Hard","","","","","","","","","","tr","e7a4f3b48161e878302c9750c8145a45","Non-Indexable","Canonicalised"
"https://unityverseacademy.com/kategori/grafik-tasarim-ozel-ders-269/","497","164","3,030","74,902","Fairly Easy","","","","","","","","","","tr","8ba107f1b784a388df5564db6fc8a846","Indexable",""
"https://unityverseacademy.com/urun/grafik-tasarim-ve-video-efekt-uzmanligi-canli-online-egitimi-staj-garantili-564/","4367","964","4,530","11,320","Very Hard","","","","","","","","","","tr","9b5f4ca90e2f594945d1985bf583e452","Indexable",""
"https://unityverseacademy.com/blog-detay/begum-kiroglunun-grafik-tasarim-ve-video-kurgu-alanindaki-yolculugu-98/","667","148","4,507","36,358","Hard","","","","","","","","","","tr","cb23b7e213541f7c64970ad89300b4ac","Indexable",""
"https://unityverseacademy.com/urun/c-programlama-canli-online-egitimi-10/","2466","518","4,761","9,337","Very Hard","","","","","","","","","","tr","c772b5dc371204e761cefb909baf03c5","Indexable",""
"https://unityverseacademy.com/kategori/dil-egitimleri-257/","501","168","2,982","74,122","Fairly Easy","","","","","","","","","","tr","a4e53f44ce8c475ebfbb2bbe90efdc71","Indexable",""
"https://unityverseacademy.com/urun/dijital-oyun-muzigi-teknikleri-canli-online-egitimi-650/","305","102","2,990","55,681","Fairly Hard","","","","","","","","","","tr","1616205a00baa702b57e3dada1bebdf5","Indexable",""
"https://unityverseacademy.com/blog-detay/suat-erizin-ayes-celikteki-yazilim-gelistirici-ve-kalite-kontrol-gorevi-97/","592","137","4,321","36,536","Hard","","","","","","","","","","tr","461de0d389c6cf4a7259195b2973bf66","Indexable",""
"https://unityverseacademy.com/urun/grafik-tasarim-ve-video-efekt-uzmanligi-yuz-yuze-egitimi-staj-garantili-613/","3772","839","4,496","14,165","Very Hard","","","","","","","","","","tr","c01b0a22e25acd30dc68fce4d3f5b292","Indexable",""
"https://unityverseacademy.com/urun/unity-ile-oyun-gelistirme-yuz-yuze-egitimi-staj-garantili-598/","4467","870","5,134","12,973","Very Hard","","","","","","","","","","tr","597786355281eb8151e6c7fa0a86e8ff","Indexable",""
"https://unityverseacademy.com/urun/blender-3b-oyun-modelleme-canli-online-egitim-2/","2154","454","4,744","11,178","Very Hard","","","","","","","","","","tr","725cc39221fc774c544ee74949a320c9","Indexable",""
"https://unityverseacademy.com/urun/yazilim-uzmanligi-yuz-yuze-egitimi-staj-garantili-669/","5084","1143","4,448","20,324","Very Hard","","","","","","","","","","tr","db57aad59a2d771fd027615c899e86a9","Indexable",""
"https://unityverseacademy.com/kategori/grafik-tasarim-egitimleri-246/","1570","431","3,643","61,689","Normal","","","","","","","","","","tr","ea218231a33dcb10485c1ab8c9c8e9a6","Indexable",""
"https://unityverseacademy.com/blog-detay/enes-bugra-cengizin-full-stack-developer-yolculugu-93/","578","141","4,099","34,060","Hard","","","","","","","","","","tr","b31df65b9f2bb9c6ddc2596b5a5bc715","Indexable",""
"https://unityverseacademy.com/kategori/matematik-ozel-ders-267/","477","160","2,981","73,451","Fairly Easy","","","","","","","","","","tr","d508de94bdde9d4f6394949a614966af","Indexable",""
"https://unityverseacademy.com/urun/yazilim-test-otomasyonu-egitimi-canli-online-egitimi-staj-garantili-7/","3974","763","5,208","8,271","Very Hard","","","","","","","","","","tr","ae9ed06e92bf6ee78a81e0812026ccc3","Indexable",""
"https://unityverseacademy.com/sayfa/iletisim-5/","327","114","2,868","56,973","Fairly Hard","","","","","","","","","","tr","ec1ea336d52ed77bfa316d25dfd46987","Non-Indexable","Canonicalised"
"https://unityverseacademy.com/kategori/oyun-gelistirme-ozel-ders-272/","497","164","3,030","73,710","Fairly Easy","","","","","","","","","","tr","570ab84e1421809486ff98edb368f33c","Indexable",""
"https://unityverseacademy.com/blog-detay/arda-bickinnin-yazilim-test-otomasyonu-egitimi-ve-testiniumdaki-staj-sureci-89/","834","174","4,793","21,916","Very Hard","","","","","","","","","","tr","2d69ff270e0835b9a0e23d37f0c7754d","Indexable",""
"https://unityverseacademy.com/blog-detay/osman-derebasinin-grafik-tasarim-ve-video-kurgu-alanindaki-yolculugu-101/","684","149","4,591","34,212","Hard","","","","","","","","","","tr","ab11e080317d8881c42ff5c63abf4489","Indexable",""
"https://unityverseacademy.com/kategori/senaryo-sinema-ve-yonetmenlik-egitimleri-252/","593","189","3,138","59,274","Fairly Hard","","","","","","","","","","tr","a6ce40f1e92d00a737c967c922d9b0bd","Indexable",""
"https://unityverseacademy.com/kategori/yazilim-egitimleri-245/","2102","581","3,618","64,470","Normal","","","","","","","","","","tr","616eb0751c38c7cc5420a2e5c59125e9","Indexable",""
"https://unityverseacademy.com/urun/2026-python-bootcamp-sifirdan-python-canli-online-egitimi-8/","2941","592","4,968","7,020","Very Hard","","","","","","","","","","tr","1f2ea5295f9359c14889c5989cb2bc95","Indexable",""
"https://unityverseacademy.com/kategori/3d-modelleme-egitimleri-247/","1147","318","3,607","65,395","Normal","","","","","","","","","","tr","1c952da9016d4d7ef7ef70ad5a1de383","Indexable",""
"https://unityverseacademy.com/kategori/staj-garantili-egitimler-266/","614","195","3,149","67,094","Normal","","","","","","","","","","tr","fe01823c911b3d80e6013997177a9580","Indexable",""
"https://unityverseacademy.com/sayfa/egitmenler-10/","267","98","2,724","65,921","Normal","","","","","","","","","","tr","8f8f72d3c2a55d365306f4c570a2759b","Non-Indexable","Canonicalised"
"https://unityverseacademy.com/blog-detay/emre-gungorun-sps-senurdaki-robotic-system-developer-yolculugu-95/","585","140","4,179","32,815","Hard","","","","","","","","","","tr","9da56f8b8085884e636b028746d57c3b","Indexable",""
"https://unityverseacademy.com/blog-detay/can-kalyoncuoglu-hayallerden-gerceklere-128/","525","136","3,860","34,039","Hard","","","","","","","","","","tr","a3362bf0521e5596493244636e18fcb2","Indexable",""
"https://unityverseacademy.com/urun/rhino-egitimi-24-saat-online-ozel-ders-1131/","509","148","3,439","51,929","Fairly Hard","","","","","","","","","","tr","babd582510b0ec16dac26435afe2ade0","Indexable",""
"https://unityverseacademy.com/urun/unity-ile-oyun-gelistirme-yuz-yuze-ozel-ders-1045/","3682","729","5,051","9,279","Very Hard","","","","","","","","","","tr","2b327e62ce1aa1cb0ac503ac89aa9808","Indexable",""
"https://unityverseacademy.com/urun/revit-egitimi-yuz-yuze-1581/","921","231","3,987","56,277","Fairly Hard","","","","","","","","","","tr","3d7562346434cad3e9969bf241d78bc8","Indexable",""
"https://unityverseacademy.com/blog/10/","419","140","2,993","41,664","Hard","","","","","","","","","","tr","a2526ce82e8e27e1433188afaaf3d996","Indexable",""
"https://unityverseacademy.com/urun/autodesk-fusion-360-endustriyel-urun-tasarimi-uzmanligi-yuz-yuze-ozel-ders-20-saat-1591/","720","170","4,235","29,811","Very Hard","","","","","","","","","","tr","eb75f9eb1ae8c9f549cdd806e58fbd7f","Indexable",""
"https://unityverseacademy.com/urun/adobe-photoshop-onlinecanli-egitim-779/","2896","645","4,490","7,604","Very Hard","","","","","","","","","","tr","e5762598bfce1a39bc122ca1d2b9ece8","Indexable",""
"https://unityverseacademy.com/urun/mimarlik-ic-mimarlik-icin-3d-tasarim-ve-gorsellestirme-egitimi-online-1549/","3021","740","4,082","43,517","Hard","","","","","","","","","","tr","7a9a5f37943d7b5773bbcb1b89d12b5f","Indexable",""
"https://unityverseacademy.com/urun/fen-bilimleri-egitimi-ozel-ders-1430/","422","130","3,246","45,968","Hard","","","","","","","","","","tr","29d5f3d87563eaf868cf445db1f2267","Indexable",""
"https://unityverseacademy.com/os/kariyer-is-14/","251","83","3,024","55,463","Fairly Hard","","","","","","","","","","tr","49ae86e65cb48a8658c6a087527c5551","Indexable",""
"https://unityverseacademy.com/urun/3ds-max-corona-ile-fotogercekci-mimari-gorsellestirmeegitimi-online-1614/","1694","339","4,997","27,069","Very Hard","","","","","","","","","","tr","fb9b7a03dc92202edcabab026973c234","Indexable",""
"https://unityverseacademy.com/urun/microsoft-office-egitimi-10-saat-1639/","334","114","2,930","54,925","Fairly Hard","","","","","","","","","","tr","3df8f7c443d43fe666ef4e6a12facd50","Indexable",""
"https://unityverseacademy.com/urun/cocuk-ve-gencler-icin-unity-ile-oyun-gelistirme-yuz-yuze-egitimi-1042/","3484","708","4,921","6,658","Very Hard","","","","","","","","","","tr","380b8672fa513dc338be92fc705e375","Non-Indexable","Canonicalised"
"https://unityverseacademy.com/urun/mimarlik-ic-mimarlik-icin-3d-tasarim-ve-gorsellestirme-egitimi-yuz-yuze-120-saat-1577/","2448","548","4,467","43,849","Hard","","","","","","","","","","tr","ad38452c2064fbb27b1a582dd924cc95","Indexable",""
"https://unityverseacademy.com/urun/yapay-zeka-destekli-unity-ile-oyun-gelistirme-egitimi-online-1682/","1413","322","4,388","35,097","Hard","","","","","","","","","","tr","e174139f2437c13e11c3b616b63c22db","Indexable",""
"https://unityverseacademy.com/urun/ic-mimarlik-ve-dekorasyon-egitimi-1132/","899","240","3,746","36,468","Hard","","","","","","","","","","tr","53d10c1870048553c024cb5dd6116cb3","Indexable",""
"https://unityverseacademy.com/urun/unreal-engine-ile-oyun-gelistirme-150-saatlik-kapsamli-blueprintmufredati-online-1028/","2748","615","4,468","16,937","Very Hard","","","","","","","","","","tr","d48d7277d2db10aee6199c9d0b7b6ab3","Indexable",""
"https://unityverseacademy.com/urun/flutter-ile-mobil-uygulama-gelistirme-canli-online-egitimi-557/","3458","684","5,056","2,681","Very Hard","","","","","","","","","","tr","2f44d8f8c193f026151e8a5f2369baba","Indexable",""
"https://unityverseacademy.com/urun/unity-ile-oyun-gelistirme-online-ozel-ders-1256/","2426","487","4,982","17,584","Very Hard","","","","","","","","","","tr","59a3d826ce46b23fd0498dfd6ed964ae","Indexable",""
"https://unityverseacademy.com/urun/2b-oyun-karakter-tasarimi-ve-animasyon-ozel-ders-1250/","314","105","2,990","61,812","Normal","","","","","","","","","","tr","4a620464fbd1551b55e3a0c4414097fa","Indexable",""
"https://unityverseacademy.com/urun/excel-kursu-temelden-ileri-seviyeye-10-saat-1662/","308","102","3,020","62,862","Normal","","","","","","","","","","tr","4b9f93b414ac8051acae348c34883220","Indexable",""
"https://unityverseacademy.com/urun/rhino-egitimi-40-saat-online-1507/","494","145","3,407","54,043","Fairly Hard","","","","","","","","","","tr","215bc87dcd7cf37e269a3c9447d529d3","Indexable",""
"https://unityverseacademy.com/urun/almanca-egitimi-ozel-ders-1440/","295","101","2,921","64,209","Normal","","","","","","","","","","tr","c3c4e9fe32bcc7462e03a82b07f6858","Indexable",""
"https://unityverseacademy.com/urun/autocad-elektrik-tesisat-projeleri-egitimi-yapi-denetim-odakli-1637/","923","241","3,830","33,931","Hard","","","","","","","","","","tr","26d5511e152ea3629eba78029191eae0","Indexable",""
"https://unityverseacademy.com/urun/gelismis-autocad-elektrik-projeciligi-egitimi-yapi-denetim-odakli-uygulamali-1635/","989","242","4,087","31,434","Hard","","","","","","","","","","tr","cf82cb15a7dab98af786ad494897a43f","Indexable",""
"https://unityverseacademy.com/urun/unreal-engine-5-gorsellestirme-ve-animasyon-yuz-yuze-egitim-1032/","1793","393","4,562","6,062","Very Hard","","","","","","","","","","tr","a88eaff67b2060eb8503ecd85b386080","Indexable",""
"https://unityverseacademy.com/urun/unreal-engine-ile-sanal-gerceklik-vr-ozel-ders-yuz-yuze-egitim-1337/","550","158","3,481","45,177","Hard","","","","","","","","","","tr","348b08a9e34ce01cf9d2ec1caae8053e","Indexable",""
"https://unityverseacademy.com/urun/grafik-tasarim-ve-video-efekt-uzmanligi-canli-online-egitimi-1484/","3768","840","4,486","14,132","Very Hard","","","","","","","","","","tr","86e393fb64c8ec9ace4c279ea68310c3","Indexable",""
"https://unityverseacademy.com/urun/yonetmenlik-ve-sinematografiye-giris-yuz-yuze-egitimi-620/","1771","395","4,484","4,184","Very Hard","","","","","","","","","","tr","8dd127b7ab55ec7256dcf55f889b20f6","Indexable",""
"https://unityverseacademy.com/urun/zbrush-ile-kuyumculuk-ve-taki-tasarimi-egitimi-online-1536/","1427","333","4,285","37,910","Hard","","","","","","","","","","tr","4285d308d9d72985b4aae28062141e82","Indexable",""
"https://unityverseacademy.com/urun/unity-ile-oyun-gelistirme-yuz-yuze-ozel-ders-1361/","3675","727","5,055","9,231","Very Hard","","","","","","","","","","tr","d0ae1e8f90b988d153030a9a699c4729","Indexable",""
"https://unityverseacademy.com/urun/film-ve-animasyon-icin-storyboard-canli-online-egitimi-551/","2531","521","4,858","5,930","Very Hard","","","","","","","","","","tr","d9115c7c492ae3895ee10cbdaea6a4df","Indexable",""
"https://unityverseacademy.com/urun/autocad-egitimi-1519/","813","227","3,581","37,850","Hard","","","","","","","","","","tr","e20b7a13bd1cb8178b3eb4880a5437fd","Indexable",""
"https://unityverseacademy.com/urun/zbrush-ile-organik-modelleme-yuz-yuze-egitimi-590/","2159","459","4,704","9,428","Very Hard","","","","","","","","","","tr","2b2725e656f85c1d239b5b842843db42","Indexable",""
"https://unityverseacademy.com/urun/yapay-zeka-destekli-unity-ile-oyun-gelistirme-egitimi-yuz-yuze-1680/","1413","322","4,388","35,277","Hard","","","","","","","","","","tr","125048cba3650d88865d96c2210582ce","Indexable",""
"https://unityverseacademy.com/urun/ispanyolca-egitimi-ozel-ders-1441/","295","101","2,921","63,062","Normal","","","","","","","","","","tr","306ce7bd6b282e40a1f6a85243d44ac8","Indexable",""
"https://unityverseacademy.com/urun/java-yazilim-egitimi-online-819/","2863","586","4,886","7,707","Very Hard","","","","","","","","","","tr","63b8ce56daf12a63579f5440e2b4d7d5","Indexable",""
"https://unityverseacademy.com/urun/zbrush-ile-organik-modelleme-canli-yuz-yuze-ozel-ders-1533/","1007","234","4,303","24,110","Very Hard","","","","","","","","","","tr","f4388da747d4d2f88e63e2a8cede1f2","Indexable",""
"https://unityverseacademy.com/urun/unreal-engine-ile-sanal-gerceklik-vr-ozel-ders-online-canli-egitim-1029/","1644","373","4,408","11,600","Very Hard","","","","","","","","","","tr","7bd2c89ec7015cb63549f5df9efaa483","Indexable",""
"https://unityverseacademy.com/urun/unreal-engine-ile-sanal-gerceklik-ozel-ders-online-canli-egitim-1044/","1623","368","4,410","11,839","Very Hard","","","","","","","","","","tr","2266aec6e552269ad53112bf57dc31f7","Indexable",""
"https://unityverseacademy.com/urun/microsoft-office-egitimi-1123/","305","105","2,905","58,264","Fairly Hard","","","","","","","","","","tr","4e553660eb62bdd1f4d5bfdf0fcace39","Indexable",""
"https://unityverseacademy.com/blog-detay/zbrush-kursu-egitimi-296/","720","171","4,211","44,289","Hard","","","","","","","","","","tr","2f06d668c82a02e87ef1ea9382ef2064","Indexable",""
"https://unityverseacademy.com/blog-detay/semantik-teknoloji-depo-stok-takip-uygulamasi-tanitimi-251/","1007","227","4,436","36,157","Hard","","","","","","","","","","tr","4ce50197394f070db621d3f6b9285dba","Indexable",""
"https://unityverseacademy.com/urun/flutter-ile-mobil-uygulama-gelistirme-yuz-yuze-egitimi-606/","3462","685","5,054","2,912","Very Hard","","","","","","","","","","tr","e6fc7ae555cbae9f976bfe6097831215","Indexable",""
"https://unityverseacademy.com/urun/lumion-egitimi-1130/","291","102","2,853","61,195","Normal","","","","","","","","","","tr","8941d718e94f0519873247277d00faf4","Indexable",""
"https://unityverseacademy.com/urun/adobe-photoshop-ve-adobe-illustrator-onlinecanli-egitim-1001/","3538","794","4,456","10,300","Very Hard","","","","","","","","","","tr","cfb04cfa79723b2b5de61b48a61d8b63","Indexable",""
"https://unityverseacademy.com/urun/cocuklar-icin-unity-ile-oyun-gelistirme-canli-online-egitimi-1380/","3300","676","4,882","5,916","Very Hard","","","","","","","","","","tr","71695b8088553f683b542af0ff76d256","Indexable",""
"https://unityverseacademy.com/urun/36-saat-kapsamli-zbrush-modelleme-egitimi-online-1540/","1589","375","4,237","36,954","Hard","","","","","","","","","","tr","6fc66aaecc9090b7810183a86a25ee06","Indexable",""
"https://unityverseacademy.com/uploads/fm/gokhan_sahinkaya_(1).pdf","0","","","","","","","","","","","","","","","","Indexable",""
"https://unityverseacademy.com/urun/unreal-engine-ile-oyun-gelistirme-150-saatlik-kapsamli-blueprintmufredati-yuz-yuze-egitim-1116/","2753","615","4,476","17,235","Very Hard","","","","","","","","","","tr","88bcf32aeafa81e830cd7d44e0047d8a","Indexable",""
"https://unityverseacademy.com/urun/film-ve-animasyon-icin-storyboard-yuz-yuze-egitimi-ozel-ders-1287/","471","130","3,623","42,938","Hard","","","","","","","","","","tr","fa89f3d8f5de1f2fb216e5c067716dff","Indexable",""
"https://unityverseacademy.com/blog-detay/substance-painter-egitimi-286/","723","167","4,329","44,825","Hard","","","","","","","","","","tr","d020571d95410a8b851ec44778846f7f","Indexable",""
"https://unityverseacademy.com/urun/fizik-egitimi-ozel-ders-1429/","419","130","3,223","47,286","Hard","","","","","","","","","","tr","28971a6ceb9c21cfb24be3cf00ab8d40","Indexable",""
"https://unityverseacademy.com/urun/java-yazilim-egitimi-yuz-yuze-821/","2858","586","4,877","7,820","Very Hard","","","","","","","","","","tr","54102e4c1b1fd97d912d8a05288a4fdb","Indexable",""
"https://unityverseacademy.com/urun/desinatorluk-yuz-yuze-egitimi-612/","3286","734","4,477","15,996","Very Hard","","","","","","","","","","tr","dbf2f2ecd116e76ed7cbccad8bc7e0c","Indexable",""
"https://unityverseacademy.com/urun/zbrush-ile-kuyumculuk-ve-taki-tasarimi-egitimi-yuz-yuze-1535/","1435","337","4,258","37,322","Hard","","","","","","","","","","tr","c4ed0d491b3bfef1287862d39b20b787","Indexable",""
"https://unityverseacademy.com/urun/ingilizce-egitimi-ozel-ders-1442/","295","101","2,921","63,922","Normal","","","","","","","","","","tr","eed663058656bb932f85d15cc7f23b8d","Indexable",""
"https://unityverseacademy.com/urun/unreal-engine-ile-metaverse-gelistirme-yuz-yuze-egitim-850/","1924","430","4,474","10,624","Very Hard","","","","","","","","","","tr","f82527efdf4944cd85bad2786e382c43","Indexable",""
"https://unityverseacademy.com/urun/desinatorluk-egitimi-ozel-ders-1412/","2506","610","4,108","22,527","Very Hard","","","","","","","","","","tr","fa151fee7d566c4d1336524b4360523d","Indexable",""
"https://unityverseacademy.com/urun/it-danismanlik-hizmeti-ozel-ders-1435/","427","129","3,310","49,729","Hard","","","","","","","","","","tr","51cfcce5e1f9ffe1406bcdab125cdf4a","Indexable",""
"https://unityverseacademy.com/urun/sosyal-medya-ve-google-reklamciligi-yuz-yuze-egitimi-1558/","2046","431","4,747","4,699","Very Hard","","","","","","","","","","tr","b9ce93f794f00562bca48783cd068a51","Indexable",""
"https://unityverseacademy.com/urun/zbrush-ile-organik-modelleme-canli-online-ozel-ders-24-saat-1297/","593","157","3,777","34,372","Hard","","","","","","","","","","tr","71c1a6e194d3a18a021ff5f97ce00a87","Indexable",""
"https://unityverseacademy.com/urun/3ds-max-corona-ile-fotogercekci-mimari-gorsellestirmeegitimi-yuz-yuze-1615/","1697","339","5,006","27,469","Very Hard","","","","","","","","","","tr","2512ac263dbd4b33939e30b2eea097b6","Indexable",""
"https://unityverseacademy.com/urun/unreal-engine-ile-metaverse-gelistirme-online-canli-egitim-851/","1926","432","4,458","10,005","Very Hard","","","","","","","","","","tr","7ff805c7c9f9ac1e0f1ce5e5b57fa24b","Indexable",""
"https://unityverseacademy.com/urun/veri-yapilari-egitimi-ozel-ders-1433/","422","130","3,246","46,369","Hard","","","","","","","","","","tr","38262ae9eec1225a2dc28cd3703c18d8","Indexable",""
"https://unityverseacademy.com/urun/zbrush-ile-organik-modelleme-canli-online-ozel-ders-1052/","569","143","3,979","36,570","Hard","","","","","","","","","","tr","ddc414ea303b603ca1deb4aef68bb435","Indexable",""
"https://unityverseacademy.com/urun/mimarlik-ic-mimarlik-icin-3d-tasarim-ve-gorsellestirme-egitimi-yuz-yuze-100-saat-1592/","1682","387","4,346","42,579","Hard","","","","","","","","","","tr","f248379fd77404c3697fbe853448731c","Indexable",""
"https://unityverseacademy.com/urun/zbrush-ile-organik-modelleme-online-egitimi-1528/","997","231","4,316","23,241","Very Hard","","","","","","","","","","tr","e06fd4e795b6fa5898021341dd095d0e","Indexable",""
"https://unityverseacademy.com/urun/adobe-illustrator-onlinecanli-ozel-ders-835/","2716","597","4,549","8,597","Very Hard","","","","","","","","","","tr","59d491aa213c5168ce1ef9a8548b8b39","Indexable",""
"https://unityverseacademy.com/urun/unreal-engine-ile-sanal-gerceklik-online-canli-egitim-653/","1636","370","4,422","11,842","Very Hard","","","","","","","","","","tr","9fbed4a7238f7132cc37a0a6b477f287","Indexable",""
"https://unityverseacademy.com/urun/kurumsal-iletisim-egitimi-ozel-ders-1436/","423","130","3,254","44,932","Hard","","","","","","","","","","tr","32a75e45a852a554ed906610fdb2c54c","Indexable",""
"https://unityverseacademy.com/urun/adobe-photoshop-ve-adobe-illustrator-yuz-yuze-egitimi-1002/","3187","723","4,408","12,907","Very Hard","","","","","","","","","","tr","d629c6d414500d480e3a7137f35e5de3","Indexable",""
"https://unityverseacademy.com/urun/film-ve-animasyon-icin-storyboard-yuz-yuze-egitimi-599/","2525","521","4,846","6,146","Very Hard","","","","","","","","","","tr","9e8601c0fb327fed723b70c46c04615b","Indexable",""
"https://unityverseacademy.com/urun/adobe-photoshop-yuz-yuze-egitim-783/","2546","575","4,428","10,778","Very Hard","","","","","","","","","","tr","b00c4ddd050f6d1ea28737f0aede164","Indexable",""
"https://unityverseacademy.com/urun/turkce-egitimi-ozel-ders-1438/","298","102","2,922","67,601","Normal","","","","","","","","","","tr","b953b606479820226fffcf61644995a","Indexable",""
"https://unityverseacademy.com/urun/dijital-pazarlama-pazar-yeri-ve-e-ticaret-yoneticiligi-egitimi-25-saat-ozel-ders-1298/","588","152","3,868","36,586","Hard","","","","","","","","","","tr","c080de5c04017635e7c0aee6e754d325","Indexable",""
"https://unityverseacademy.com/urun/mimarlik-icin-3d-tasarim-ve-gorsellestirme-egitimi-online-120-saat-1578/","2439","546","4,467","43,611","Hard","","","","","","","","","","tr","44250e244c21404a3488223e49d628cf","Indexable",""
"https://unityverseacademy.com/urun/lineer-cebir-linear-algebra-egitimi-ozel-ders-1432/","428","131","3,267","44,993","Hard","","","","","","","","","","tr","7cbbf90ca432a9b5df017b871f6b1f02","Indexable",""
"https://unityverseacademy.com/urun/profesyonel-mimari-render-ve-etkilesim-egitimi-online-24-saat-1613/","1224","281","4,356","29,827","Very Hard","","","","","","","","","","tr","c7ea242a5e9ce685e2bd7d8c5177d638","Indexable",""
"https://unityverseacademy.com/urun/3ds-max-egitimi-10-saat-ozel-ders-1446/","404","116","3,483","48,758","Hard","","","","","","","","","","tr","d6b4479004569f532a0a155d6f77a3f6","Indexable",""
"https://unityverseacademy.com/urun/2b-oyun-karakter-tasarimi-ve-animasyon-ozel-ders-20-saat-1251/","336","110","3,055","62,986","Normal","","","","","","","","","","tr","4d02facc4c9d4cb1066deb4ebc0f7cc8","Indexable",""
"https://unityverseacademy.com/urun/cocuklar-icin-minecraft-ile-kodlama-egitimi-1689/","1279","275","4,651","34,502","Hard","","","","","","","","","","tr","d379e1b6048a38c65af08e0b7986fa30","Indexable",""
"https://unityverseacademy.com/urun/insan-kaynaklari-egitimi-ozel-ders-1437/","423","130","3,254","45,932","Hard","","","","","","","","","","tr","bd4c2882578ccc12414fc3e39307f648","Indexable",""
"https://unityverseacademy.com/urun/unity-ile-oyun-gelistirme-canli-online-egitimi-8-ay-1479/","886","212","4,179","22,126","Very Hard","","","","","","","","","","tr","d8508f1efbd8a8f423fa0c52fc3774db","Indexable",""
"https://unityverseacademy.com/urun/proje-yonetimi-egitimi-1126/","298","102","2,922","59,084","Fairly Hard","","","","","","","","","","tr","143a8d25fec08209826e097bf64b6ee7","Indexable",""
"https://unityverseacademy.com/urun/yonetmenlik-ve-sinematografiye-giris-yuz-yuze-ozel-ders-1056/","1709","384","4,451","5,495","Very Hard","","","","","","","","","","tr","a1f26e14ccd59de18098e4aa3d205a86","Indexable",""
"https://unityverseacademy.com/blog-detay/3b-modelleme-egitimleri-zbrush-ileri-seviye-284/","677","162","4,179","45,765","Hard","","","","","","","","","","tr","399787ccfde1d67ae16ee1bbf969b469","Indexable",""
"https://unityverseacademy.com/blog-detay/blender-egitimi-3d-modelleme-animasyon-ve-render-rehberi-280/","667","157","4,248","50,826","Fairly Hard","","","","","","","","","","tr","f72ca7cb0151e6269f101e799bcd9c92","Indexable",""
"https://unityverseacademy.com/urun/excel-kursu-temelden-ileri-seviyeye-1122/","304","102","2,980","59,656","Fairly Hard","","","","","","","","","","tr","28a62f60710ca86efd03fd0921ca867e","Indexable",""
"https://unityverseacademy.com/blog-detay/3dsmax-kursu-294/","763","176","4,335","36,783","Hard","","","","","","","","","","tr","5c1ec151ec34bc87f60ebb242c5c428d","Indexable",""
"https://unityverseacademy.com/urun/2b-cizgi-film-ve-animasyon-yuz-yuze-egitimi-614/","2499","522","4,787","5,862","Very Hard","","","","","","","","","","tr","e6ecd83ca61011b14e8b286f20857969","Indexable",""
"https://unityverseacademy.com/blog-detay/blender-egitimi-blender-profesyonel-kullanim-rehberi-308/","1086","224","4,848","27,495","Very Hard","","","","","","","","","","tr","5cfdcc6d53726aa06e920c925e9584b3","Indexable",""
"https://unityverseacademy.com/urun/3ds-max-egitimi-30-saat-ozel-ders-1128/","404","116","3,483","48,758","Hard","","","","","","","","","","tr","f5999a2013ed0211e68f362b9f02ef92","Indexable",""
"https://unityverseacademy.com/urun/ayrik-matematik-discrete-mathematics-egitimi-ozel-ders-1431/","428","131","3,267","42,621","Hard","","","","","","","","","","tr","c3bbc39ba9712db112842ef7b328ac83","Indexable",""
"https://unityverseacademy.com/urun/unity-ile-oyun-gelistirme-yuz-yuze-egitimi-1481/","2425","486","4,990","18,372","Very Hard","","","","","","","","","","tr","905226d35b5a07c76cb5239e37b2b342","Indexable",""
"https://unityverseacademy.com/urun/autodesk-fusion-360-endustriyel-urun-tasarimi-uzmanligi-canli-online-ozel-ders-1368/","727","175","4,154","29,345","Very Hard","","","","","","","","","","tr","e314581859c59eba560e4a052e21247e","Indexable",""
"https://unityverseacademy.com/urun/bilgisayarli-muhasebe-egitimi-10-saat-1125/","304","103","2,951","59,407","Fairly Hard","","","","","","","","","","tr","b39644fc338e037d77829dc6577c588","Indexable",""
"https://unityverseacademy.com/urun/diferansiyel-denklemler-egitimi-ozel-ders-1434/","422","131","3,221","44,389","Hard","","","","","","","","","","tr","4311976900b6367fd2c511ce651a6523","Indexable",""
"https://unityverseacademy.com/urun/unreal-engine-ile-oyun-gelistirme-ozel-ders-online-canli-egitim-100-saat-1303/","671","222","3,023","41,754","Hard","","","","","","","","","","tr","fbab6dbae6dce4f6fe0db68e4c54ccd9","Indexable",""
"https://unityverseacademy.com/urun/yonetmenlik-ve-sinematografiye-giris-canli-online-egitimi-585/","1771","395","4,484","3,801","Very Hard","","","","","","","","","","tr","d3585c9a44a3409b764d58c8c55e054d","Indexable",""
"https://unityverseacademy.com/urun/egitim-koclugu-ozel-ders-1439/","420","130","3,231","47,449","Hard","","","","","","","","","","tr","7b4ebe4ad2bfefe9c751746cfe13973e","Indexable",""
"https://unityverseacademy.com/urun/grafik-tasarim-ve-video-efekt-uzmanligi-yuz-yuze-egitimi-1489/","4362","964","4,525","11,844","Very Hard","","","","","","","","","","tr","65e210f8c604592a1853895841459bcc","Indexable",""
"https://unityverseacademy.com/urun/36-saat-kapsamli-zbrush-modelleme-egitimi-yuz-yuze-1539/","1600","378","4,233","37,463","Hard","","","","","","","","","","tr","6f33368844b0bd0e903f48c30f8221ab","Indexable",""
"https://unityverseacademy.com/urun/matematik-egitimi-ozel-ders-1428/","419","130","3,223","45,670","Hard","","","","","","","","","","tr","18f7276efc59532b38007afadb3b986d","Indexable",""
"https://unityverseacademy.com/blog-detay/maya-egitimi-285/","714","162","4,407","31,147","Hard","","","","","","","","","","tr","3676f550700f99a9a4a2d9ca35c84e33","Indexable",""
"https://unityverseacademy.com/urun/revit-egitimi-online-1129/","928","235","3,949","56,144","Fairly Hard","","","","","","","","","","tr","33406d429c8975d6ea01ee19cb9446f6","Indexable",""
"https://unityverseacademy.com/sayfa/hakkimizda/25/","926","208","4,452","2,328","Very Hard","","","","","","","","","","tr","5307f100767668c206b0d388a0931043","Non-Indexable","Canonicalised"
"https://unityverseacademy.com/blog-detay/3ds-max-egitimi-uv-mapping-ve-kaplama-yonetimi-305/","881","209","4,215","36,813","Hard","","","","","","","","","","tr","6ba97aa19126637a5ed2ce5749ed3e07","Indexable",""
"https://unityverseacademy.com/urun/profesyonel-mimari-render-ve-etkilesim-egitimi-yuz-yuze-24-saat-1612/","1227","281","4,367","30,376","Hard","","","","","","","","","","tr","c18cbd164eaf4a9766fb70184ef6bdae","Indexable",""
"https://unityverseacademy.com/urun/mimarlik-ic-mimarlik-icin-3d-tasarim-ve-gorsellestirme-egitimi-yuz-yuze-1504/","3026","742","4,078","43,616","Hard","","","","","","","","","","tr","2135417ab3c6e1896df37ec01f4eab31","Indexable",""
"https://unityverseacademy.com/urun/unreal-engine-ile-sanal-gerceklik-yuz-yuze-egitim-654/","1633","369","4,425","12,421","Very Hard","","","","","","","","","","tr","aee4cc289c4ec44a2a57c66892412674","Indexable",""
"https://unityverseacademy.com/urun/autocad-egitimi-ozel-ders-1300/","822","228","3,605","38,813","Hard","","","","","","","","","","tr","20a5437b9314f221166dde2aa697fe0e","Indexable",""
"https://unityverseacademy.com/urun/sosyal-medya-ve-google-reklamciligi-canli-online-egitimi-1072/","1964","417","4,710","5,286","Very Hard","","","","","","","","","","tr","9d0d1801048ba9d2908b5101fe3fc507","Indexable",""
