"Address","Occurrences","Meta Robots 1","X-Robots-Tag 1","Meta Refresh 1","Canonical Link Element 1","HTTP Canonical","Indexability","Indexability Status"
"https://unityverseacademy.com/","0","","","","https://unityverseacademy.com/","","Indexable",""
"https://unityverseacademy.com/kategori/animasyon-egitimleri-248/","0","","","","https://unityverseacademy.com/kategori/animasyon-egitimleri-248/","","Indexable",""
"https://unityverseacademy.com/public/tema10/css/home2.css?v=5.4.100","0","","","","","","Indexable",""
"https://unityverseacademy.com/public/tema10/js/cookieconsent.umd.js?v=5.4.94","0","","","","","","Indexable",""
"https://unityverseacademy.com/urun/autodesk-fusion-360-endustriyel-urun-tasarimi-uzmanligi-canli-online-egitimi-584/","0","","","","https://unityverseacademy.com/urun/autodesk-fusion-360-endustriyel-urun-tasarimi-uzmanligi-canli-online-egitimi-584/","","Indexable",""
"https://unityverseacademy.com/urun/desinatorluk-canli-online-egitimi-563/","0","","","","https://unityverseacademy.com/urun/desinatorluk-canli-online-egitimi-563/","","Indexable",""
"https://unityverseacademy.com/public/tema10/css/bootstrap-datetimepicker.min.css?v=5.4.94","0","","","","","","Indexable",""
"https://unityverseacademy.com/public/tema10/css/themecss/so-categories.css?v=5.4.94","0","","","","","","Indexable",""
"https://unityverseacademy.com/public/tema10/js/countdown/jquery.countdown.min.js?v=5.4.94","0","","","","","","Indexable",""
"https://unityverseacademy.com/sayfa/iptal-ve-iade-kosullari-28/","0","","","","https://unityverseacademy.com/sayfa/iptal-ve-iade-kosullari-28/","","Indexable",""
"https://unityverseacademy.com/public/tema10/css/pobol.css?v=5.4.104","0","","","","","","Indexable",""
"https://unityverseacademy.com/uploads/p/p/s/2024-python-bootcamp-sifirdan-python-canli-online-egitimi_2.jpeg?v=1713608100","0","","","","","","Indexable",""
"https://unityverseacademy.com/uploads/p/cd/9svlyhQm8Piz.png","0","","","","","","Indexable",""
"https://unityverseacademy.com/uploads/p/cd/cMZ1zkyvfF2P.png","0","","","","","","Indexable",""
"https://unityverseacademy.com/kategori/oyun-gelistirme-egitimleri-244/","0","","","","https://unityverseacademy.com/kategori/oyun-gelistirme-egitimleri-244/","","Indexable",""
"https://unityverseacademy.com/uploads/p/p/s/autodesk-fusion-360-endustriyel-urun-tasarimi-uzmanligi-canli-online-egitimi_1.jpg?v=1762940099","0","","","","","","Indexable",""
"https://unityverseacademy.com/public/tema10/js/themejs/libs.js?v=5.4.94","0","","","","","","Indexable",""
"https://unityverseacademy.com/public/tema10/js/jquery-ui/jquery-ui.min.js?v=5.4.94","0","","","","","","Indexable",""
"https://unityverseacademy.com/uploads/p/cd/ZCaVcYBFG9jR.png","0","","","","","","Indexable",""
"https://unityverseacademy.com/sayfa/uyelik-sozlesmesi-ve-gizlilik-politikasi-27/","0","","","","https://unityverseacademy.com/sayfa/uyelik-sozlesmesi-ve-gizlilik-politikasi-27/","","Indexable",""
"https://unityverseacademy.com/uploads/p/p/s/yazilim-uzmanligi-yuz-yuze-egitimi_1.jpeg?v=1713604671","0","","","","","","Indexable",""
"https://unityverseacademy.com/public/tema10/css/jquery-ui.min.css?v=5.4.94","0","","","","","","Indexable",""
"https://unityverseacademy.com/uploads/p/p/s/2b-oyun-karakter-tasarimi-ve-animasyon-canli-online-egitimi_1.jpg?v=1759406018","0","","","","","","Indexable",""
"https://unityverseacademy.com/urun/unity-ile-oyun-gelistirme-canli-online-egitimi-staj-garantili-17/","0","","","","https://unityverseacademy.com/urun/unity-ile-oyun-gelistirme-canli-online-egitimi-staj-garantili-17/","","Indexable",""
"https://unityverseacademy.com/public/tema10/css/swiper-bundle.min.css?v=5.4.94","0","","","","","","Indexable",""
"https://unityverseacademy.com/uploads/p/cd/B83sAeRW67zU.webp","0","","","","","","Indexable",""
"https://unityverseacademy.com/uploads/p/p/s/unity-ile-oyun-gelistirme-yuz-yuze-egitimi_1.jpeg?v=1714312888","0","","","","","","Indexable",""
"https://unityverseacademy.com/public/tema10/css/legacy-header-layout.css?v=20260714","0","","","","","","Indexable",""
"https://unityverseacademy.com/kategori/mimarlik-egitimleri-259/","0","","","","https://unityverseacademy.com/kategori/mimarlik-egitimleri-259/","","Indexable",""
"https://unityverseacademy.com/sayfa/hakkimizda-25/","0","","","","https://unityverseacademy.com/sayfa/hakkimizda-25/","","Indexable",""
"https://unityverseacademy.com/public/tema10/js/jquery-2.2.4.min.js?v=5.4.94","0","","","","","","Indexable",""
"https://unityverseacademy.com/blog-detay/suleyman-ozgonul-oyun-gelistiricilikte-zirveye-giden-yol-129/","0","","","","https://unityverseacademy.com/blog-detay/suleyman-ozgonul-oyun-gelistiricilikte-zirveye-giden-yol-129/","","Indexable",""
"https://unityverseacademy.com/uploads/p/cd/HXFyN3EqRoYC.webp","0","","","","","","Indexable",""
"https://unityverseacademy.com/public/tema10/css/owl.carousel.css?v=5.4.94","0","","","","","","Indexable",""
"https://unityverseacademy.com/urun/profesyonel-3b-modelleme-dijital-sanat-programi-online-1/","0","","","","https://unityverseacademy.com/urun/profesyonel-3b-modelleme-dijital-sanat-programi-online-1/","","Indexable",""
"https://unityverseacademy.com/public/tema10/css/cookieconsent.css?v=5.4.94","0","","","","","","Indexable",""
"https://unityverseacademy.com/kategori/mimarlik-egitimleri-ozel-ders-274/","0","","","","https://unityverseacademy.com/kategori/mimarlik-egitimleri-ozel-ders-274/","","Indexable",""
"https://unityverseacademy.com/uploads/p/p/s/unity-ile-oyun-gelistirme-canli-online-egitimi_1.jpeg?v=1714312907","0","","","","","","Indexable",""
"https://unityverseacademy.com/blog-detay/filiz-tumuklunun-yazilim-test-otomasyonu-egitimi-ve-kariyer-basarisi-90/","0","","","","https://unityverseacademy.com/blog-detay/filiz-tumuklunun-yazilim-test-otomasyonu-egitimi-ve-kariyer-basarisi-90/","","Indexable",""
"https://unityverseacademy.com/kategori/dijital-pazarlama-egitimleri-255/","0","","","","https://unityverseacademy.com/kategori/dijital-pazarlama-egitimleri-255/","","Indexable",""
"https://unityverseacademy.com/public/tema10/font-awesome/css/font-awesome.min.css?v=5.4.94","0","","","","","","Indexable",""
"https://unityverseacademy.com/kategori/ozel-dersler-256/","0","","","","https://unityverseacademy.com/kategori/ozel-dersler-256/","","Indexable",""
"https://unityverseacademy.com/urun/2b-cizgi-film-ve-animasyon-uzmanligi-canli-online-egitimi-565/","0","","","","https://unityverseacademy.com/urun/2b-cizgi-film-ve-animasyon-uzmanligi-canli-online-egitimi-565/","","Indexable",""
"https://unityverseacademy.com/os/KARIYER-14/","0","","","","https://unityverseacademy.com/os/kariyer-is-14/","","Non-Indexable","Canonicalised"
"https://unityverseacademy.com/public/tema10/js/themejs/application.js?v=5.4.94","0","","","","","","Indexable",""
"https://unityverseacademy.com/blog-detay/burak-ercayanin-yazilim-test-otomasyonu-egitimi-ve-testiniumdaki-isi-88/","0","","","","https://unityverseacademy.com/blog-detay/burak-ercayanin-yazilim-test-otomasyonu-egitimi-ve-testiniumdaki-isi-88/","","Indexable",""
"https://unityverseacademy.com/uploads/p/cd/gpM3HDtTk9KZ.webp","0","","","","","","Indexable",""
"https://unityverseacademy.com/uploads/p/cd/lQveczHUdfBT.webp","0","","","","","","Indexable",""
"https://unityverseacademy.com/uploads/p/cd/8bxdytVDaPoT.webp","0","","","","","","Indexable",""
"https://unityverseacademy.com/sayfa/kisisel-verilerin-korunmasi-hakkinda-aydinlatma-bildirimi-29/","0","","","","https://unityverseacademy.com/sayfa/kisisel-verilerin-korunmasi-hakkinda-aydinlatma-bildirimi-29/","","Indexable",""
"https://unityverseacademy.com/public/tema10/css/bootstrap/css/bootstrap.min.css?v=5.4.94","0","","","","","","Indexable",""
"https://unityverseacademy.com/blog-detay/elif-arslanin-yazilim-gelistirici-olarak-ayakkabi-dunyasindaki-baslangici-94/","0","","","","https://unityverseacademy.com/blog-detay/elif-arslanin-yazilim-gelistirici-olarak-ayakkabi-dunyasindaki-baslangici-94/","","Indexable",""
"https://unityverseacademy.com/kategori/muhasebe-ve-ofis-egitimleri-258/","0","","","","https://unityverseacademy.com/kategori/muhasebe-ve-ofis-egitimleri-258/","","Indexable",""
"https://unityverseacademy.com/blog-detay/oguzhan-durakin-grafik-tasarim-ve-video-kurgu-alanindaki-yolculugu-100/","0","","","","https://unityverseacademy.com/blog-detay/oguzhan-durakin-grafik-tasarim-ve-video-kurgu-alanindaki-yolculugu-100/","","Indexable",""
"https://unityverseacademy.com/public/tema10/css/themecss/lib.css?v=5.4.94","0","","","","","","Indexable",""
"https://unityverseacademy.com/public/tema10/js/scripts.js?v=5.4.110","0","","","","","","Indexable",""
"https://unityverseacademy.com/sayfa/mesafeli-satis-sozlesmesi-26/","0","","","","https://unityverseacademy.com/sayfa/mesafeli-satis-sozlesmesi-26/","","Indexable",""
"https://unityverseacademy.com/urun/2b-oyun-karakter-tasarimi-ve-animasyon-canli-online-egitimi-553/","0","","","","https://unityverseacademy.com/urun/2b-oyun-karakter-tasarimi-ve-animasyon-canli-online-egitimi-553/","","Indexable",""
"https://unityverseacademy.com/blog-detay/berkay-kurt-multiplayer-oyun-gelistiriciliginde-bir-yildiz-130/","0","","","","https://unityverseacademy.com/blog-detay/berkay-kurt-multiplayer-oyun-gelistiriciliginde-bir-yildiz-130/","","Indexable",""
"https://unityverseacademy.com/blog-detay/fatih-yilmazin-yazilim-yolculugu-ve-lufthansadaki-basarisi-91/","0","","","","https://unityverseacademy.com/blog-detay/fatih-yilmazin-yazilim-yolculugu-ve-lufthansadaki-basarisi-91/","","Indexable",""
"https://unityverseacademy.com/uploads/f/pblcookie.js","0","","","","","","Indexable",""
"https://unityverseacademy.com/uploads/p/cd/hzfpok91vjDW.webp","0","","","","","","Indexable",""
"https://unityverseacademy.com/public/tema10/js/owl-carousel/owl.carousel.js?v=5.4.94","0","","","","","","Indexable",""
"https://unityverseacademy.com/uploads/p/p/s/grafik-tasarim-ve-video-efekt-uzmanligi-canli-online-egitimi-staj-garantili_1.jpg?v=1759585838","0","","","","","","Indexable",""
"https://unityverseacademy.com/uploads/p/cd/Vqa2u5oRBlv1.png","0","","","","","","Indexable",""
"https://unityverseacademy.com/kategori/3d-modelleme-ozel-ders-273/","0","","","","https://unityverseacademy.com/kategori/3d-modelleme-ozel-ders-273/","","Indexable",""
"https://unityverseacademy.com/uploads/p/cd/BmsMLDdFV9vR.webp","0","","","","","","Indexable",""
"https://unityverseacademy.com/public/tema10/js/modernizr/modernizr-2.6.2.min.js?v=5.4.94","0","","","","","","Indexable",""
"https://unityverseacademy.com/uploads/p/cd/AHREgDJ51l30.webp","0","","","","","","Indexable",""
"https://unityverseacademy.com/public/tema10/js/datetimepicker/bootstrap-datetimepicker.min.js?v=5.4.94","0","","","","","","Indexable",""
"https://unityverseacademy.com/tum-urunler/","0","","","","https://unityverseacademy.com/tum-urunler/","","Indexable",""
"https://unityverseacademy.com/kategori/endustriyel-urun-tasarim-egitimleri-253/","0","","","","https://unityverseacademy.com/kategori/endustriyel-urun-tasarim-egitimleri-253/","","Indexable",""
"https://unityverseacademy.com/sayfa/kvkk-aydinlatma-metni/","0","","","","https://unityverseacademy.com/sayfa/kisisel-verilerin-korunmasi-hakkinda-aydinlatma-bildirimi-29/","","Non-Indexable","Canonicalised"
"https://unityverseacademy.com/uploads/p/cd/4RGnxhqCrAQj.webp","0","","","","","","Indexable",""
"https://unityverseacademy.com/uploads/p/p/s/2b-cizgi-film-ve-animasyon-uzmanligi-canli-online-egitimi_2.jpg?v=1759405086","0","","","","","","Indexable",""
"https://unityverseacademy.com/kategori/ses-tasarim-egitimleri-251/","0","","","","https://unityverseacademy.com/kategori/ses-tasarim-egitimleri-251/","","Indexable",""
"https://unityverseacademy.com/public/tema10/js/jquery.lazy.min.js?v=5.4.94","0","","","","","","Indexable",""
"https://unityverseacademy.com/kategori/yazilim-egitimleri-ozel-ders-268/","0","","","","https://unityverseacademy.com/kategori/yazilim-egitimleri-ozel-ders-268/","","Indexable",""
"https://unityverseacademy.com/uploads/p/cd/yISe6HskUAO8.webp","0","","","","","","Indexable",""
"https://unityverseacademy.com/public/tema10/js/custom-design/slick.min.js?v=5.4.94","0","","","","","","Indexable",""
"https://unityverseacademy.com/blog/","0","","","","https://unityverseacademy.com/blog/","","Indexable",""
"https://unityverseacademy.com/blog-detay/gorkem-tekinin-vakif-katilimdaki-backend-developer-yolculugu-96/","0","","","","https://unityverseacademy.com/blog-detay/gorkem-tekinin-vakif-katilimdaki-backend-developer-yolculugu-96/","","Indexable",""
"https://unityverseacademy.com/os/KURUMSAL-EGITIMLER-10/","0","","","","https://unityverseacademy.com/os/kurumsal-egitimler-10/","","Non-Indexable","Canonicalised"
"https://unityverseacademy.com/public/tema10/css/responsive.css?v=5.4.94","0","","","","","","Indexable",""
"https://unityverseacademy.com/uploads/p/o/M8NILhl4t7HF.jpg?v=1701782743","0","","","","","","Indexable",""
"https://unityverseacademy.com/public/tema10/js/member-header.js?v=1","0","","","","","","Indexable",""
"https://unityverseacademy.com/kategori/grafik-tasarim-ozel-ders-269/","0","","","","https://unityverseacademy.com/kategori/grafik-tasarim-ozel-ders-269/","","Indexable",""
"https://unityverseacademy.com/uploads/p/cd/lE0itIZcqLCW.webp","0","","","","","","Indexable",""
"https://unityverseacademy.com/urun/grafik-tasarim-ve-video-efekt-uzmanligi-canli-online-egitimi-staj-garantili-564/","0","","","","https://unityverseacademy.com/urun/grafik-tasarim-ve-video-efekt-uzmanligi-canli-online-egitimi-staj-garantili-564/","","Indexable",""
"https://unityverseacademy.com/uploads/p/cd/6FMJGd1m4zHY.webp","0","","","","","","Indexable",""
"https://unityverseacademy.com/public/tema10/js/dcjqaccordion/jquery.dcjqaccordion.2.8.min.js?v=5.4.94","0","","","","","","Indexable",""
"https://unityverseacademy.com/blog-detay/begum-kiroglunun-grafik-tasarim-ve-video-kurgu-alanindaki-yolculugu-98/","0","","","","https://unityverseacademy.com/blog-detay/begum-kiroglunun-grafik-tasarim-ve-video-kurgu-alanindaki-yolculugu-98/","","Indexable",""
"https://unityverseacademy.com/uploads/p/cd/yNjxbAfrewsU.webp","0","","","","","","Indexable",""
"https://unityverseacademy.com/uploads/p/cd/jUF0TXSKhpxI.png","0","","","","","","Indexable",""
"https://unityverseacademy.com/urun/c-programlama-canli-online-egitimi-10/","0","","","","https://unityverseacademy.com/urun/c-programlama-canli-online-egitimi-10/","","Indexable",""
"https://unityverseacademy.com/uploads/p/cd/DHpznJYyvjk7.webp","0","","","","","","Indexable",""
"https://unityverseacademy.com/kategori/dil-egitimleri-257/","0","","","","https://unityverseacademy.com/kategori/dil-egitimleri-257/","","Indexable",""
"https://unityverseacademy.com/uploads/p/o/yfTW41vdMOxS.jpg?v=1701783131","0","","","","","","Indexable",""
"https://unityverseacademy.com/uploads/p/p/s/blender-3b-oyun-modelleme-canli-online-egitim_1.jpg?v=1762940609","0","","","","","","Indexable",""
"https://unityverseacademy.com/urun/dijital-oyun-muzigi-teknikleri-canli-online-egitimi-650/","0","","","","https://unityverseacademy.com/urun/dijital-oyun-muzigi-teknikleri-canli-online-egitimi-650/","","Indexable",""
"https://unityverseacademy.com/public/tema10/js/custom-design/owl.carousel.js?v=5.4.94","0","","","","","","Indexable",""
"https://unityverseacademy.com/public/tema10/js/unveil/jquery.unveil.js?v=5.4.94","0","","","","","","Indexable",""
"https://unityverseacademy.com/uploads/p/p/s/c-programlama-canli-online-egitimi_2.jpg?v=1696601125","0","","","","","","Indexable",""
"https://unityverseacademy.com/public/tema10/css/themecss/so_megamenu.css?v=5.4.94","0","","","","","","Indexable",""
"https://unityverseacademy.com/public/tema10/css/themecss/so-listing-tabs.css?v=5.4.94","0","","","","","","Indexable",""
"https://unityverseacademy.com/blog-detay/suat-erizin-ayes-celikteki-yazilim-gelistirici-ve-kalite-kontrol-gorevi-97/","0","","","","https://unityverseacademy.com/blog-detay/suat-erizin-ayes-celikteki-yazilim-gelistirici-ve-kalite-kontrol-gorevi-97/","","Indexable",""
"https://unityverseacademy.com/uploads/p/p/s/profesyonel-3b-modelleme-dijital-sanat-programi-online_1.jpg?v=1757508001","0","","","","","","Indexable",""
"https://unityverseacademy.com/urun/grafik-tasarim-ve-video-efekt-uzmanligi-yuz-yuze-egitimi-staj-garantili-613/","0","","","","https://unityverseacademy.com/urun/grafik-tasarim-ve-video-efekt-uzmanligi-yuz-yuze-egitimi-staj-garantili-613/","","Indexable",""
"https://unityverseacademy.com/urun/unity-ile-oyun-gelistirme-yuz-yuze-egitimi-staj-garantili-598/","0","","","","https://unityverseacademy.com/urun/unity-ile-oyun-gelistirme-yuz-yuze-egitimi-staj-garantili-598/","","Indexable",""
"https://unityverseacademy.com/uploads/p/cd/wtZkNKoFClWI.png","0","","","","","","Indexable",""
"https://unityverseacademy.com/uploads/p/p/s/yazilim-test-otomasyonu-canli-online-egitimi-staj-garantili_1.jpg?v=1761897326","0","","","","","","Indexable",""
"https://unityverseacademy.com/public/tema10/js/themejs/so_megamenu.js?v=5.4.94","0","","","","","","Indexable",""
"https://unityverseacademy.com/urun/blender-3b-oyun-modelleme-canli-online-egitim-2/","0","","","","https://unityverseacademy.com/urun/blender-3b-oyun-modelleme-canli-online-egitim-2/","","Indexable",""
"https://unityverseacademy.com/uploads/p/cd/JPNuanLj73k0.webp","0","","","","","","Indexable",""
"https://unityverseacademy.com/public/tema10/js/themejs/homepage.js?v=5.4.94","0","","","","","","Indexable",""
"https://unityverseacademy.com/uploads/p/p/s/dijital-oyun-muzigi-teknikleri-canli-online-egitimi_2.jpg?v=1759590545","0","","","","","","Indexable",""
"https://unityverseacademy.com/urun/yazilim-uzmanligi-yuz-yuze-egitimi-staj-garantili-669/","0","","","","https://unityverseacademy.com/urun/yazilim-uzmanligi-yuz-yuze-egitimi-staj-garantili-669/","","Indexable",""
"https://unityverseacademy.com/kategori/grafik-tasarim-egitimleri-246/","0","","","","https://unityverseacademy.com/kategori/grafik-tasarim-egitimleri-246/","","Indexable",""
"https://unityverseacademy.com/uploads/p/p/s/grafik-tasarim-ve-video-efekt-uzmanligi-yuz-yuze-egitimi-staj-garantili_1.jpg?v=1763219437","0","","","","","","Indexable",""
"https://unityverseacademy.com/blog-detay/enes-bugra-cengizin-full-stack-developer-yolculugu-93/","0","","","","https://unityverseacademy.com/blog-detay/enes-bugra-cengizin-full-stack-developer-yolculugu-93/","","Indexable",""
"https://unityverseacademy.com/public/tema10/js/datetimepicker/moment.js?v=5.4.94","0","","","","","","Indexable",""
"https://unityverseacademy.com/kategori/matematik-ozel-ders-267/","0","","","","https://unityverseacademy.com/kategori/matematik-ozel-ders-267/","","Indexable",""
"https://unityverseacademy.com/uploads/p/cd/XJSd8xB3Twu1.webp","0","","","","","","Indexable",""
"https://unityverseacademy.com/urun/yazilim-test-otomasyonu-egitimi-canli-online-egitimi-staj-garantili-7/","0","","","","https://unityverseacademy.com/urun/yazilim-test-otomasyonu-egitimi-canli-online-egitimi-staj-garantili-7/","","Indexable",""
"https://unityverseacademy.com/uploads/p/cd/w9pfIhHMitlV.webp","0","","","","","","Indexable",""
"https://unityverseacademy.com/sayfa/iletisim-5/","0","","","","https://unityverseacademy.com/sayfa/iletisim-bilgileri-5/","","Non-Indexable","Canonicalised"
"https://unityverseacademy.com/kategori/oyun-gelistirme-ozel-ders-272/","0","","","","https://unityverseacademy.com/kategori/oyun-gelistirme-ozel-ders-272/","","Indexable",""
"https://unityverseacademy.com/uploads/p/cd/n0ucoJUlQf9Y.webp","0","","","","","","Indexable",""
"https://unityverseacademy.com/public/tema10/js/bootstrap.min.js?v=5.4.94","0","","","","","","Indexable",""
"https://unityverseacademy.com/blog-detay/arda-bickinnin-yazilim-test-otomasyonu-egitimi-ve-testiniumdaki-staj-sureci-89/","0","","","","https://unityverseacademy.com/blog-detay/arda-bickinnin-yazilim-test-otomasyonu-egitimi-ve-testiniumdaki-staj-sureci-89/","","Indexable",""
"https://unityverseacademy.com/public/tema10/js/swiper-bundle.min.js?v=5.4.94","0","","","","","","Indexable",""
"https://unityverseacademy.com/uploads/p/cd/z6dJwPINVK1U.png","0","","","","","","Indexable",""
"https://unityverseacademy.com/public/tema10/css/mfb.css?v=5.4.94","0","","","","","","Indexable",""
"https://unityverseacademy.com/uploads/p/p/s/desinatorluk-canli-online-egitimi_2.jpg?v=1699876654","0","","","","","","Indexable",""
"https://unityverseacademy.com/blog-detay/osman-derebasinin-grafik-tasarim-ve-video-kurgu-alanindaki-yolculugu-101/","0","","","","https://unityverseacademy.com/blog-detay/osman-derebasinin-grafik-tasarim-ve-video-kurgu-alanindaki-yolculugu-101/","","Indexable",""
"https://unityverseacademy.com/kategori/senaryo-sinema-ve-yonetmenlik-egitimleri-252/","0","","","","https://unityverseacademy.com/kategori/senaryo-sinema-ve-yonetmenlik-egitimleri-252/","","Indexable",""
"https://unityverseacademy.com/kategori/yazilim-egitimleri-245/","0","","","","https://unityverseacademy.com/kategori/yazilim-egitimleri-245/","","Indexable",""
"https://unityverseacademy.com/uploads/p/cd/Zb0gaClUFmEk.webp","0","","","","","","Indexable",""
"https://unityverseacademy.com/uploads/p/cd/xL8INMf1WJvz.webp","0","","","","","","Indexable",""
"https://unityverseacademy.com/urun/2026-python-bootcamp-sifirdan-python-canli-online-egitimi-8/","0","","","","https://unityverseacademy.com/urun/2026-python-bootcamp-sifirdan-python-canli-online-egitimi-8/","","Indexable",""
"https://unityverseacademy.com/kategori/3d-modelleme-egitimleri-247/","0","","","","https://unityverseacademy.com/kategori/3d-modelleme-egitimleri-247/","","Indexable",""
"https://unityverseacademy.com/uploads/p/cd/w2oWBxc7O6gy.png","0","","","","","","Indexable",""
"https://unityverseacademy.com/kategori/staj-garantili-egitimler-266/","0","","","","https://unityverseacademy.com/kategori/staj-garantili-egitimler-266/","","Indexable",""
"https://unityverseacademy.com/sayfa/egitmenler-10/","0","","","","https://unityverseacademy.com/sayfa/egitmenlerimiz-10/","","Non-Indexable","Canonicalised"
"https://unityverseacademy.com/public/tema10/js/notify.js?v=5.4.94","0","","","","","","Indexable",""
"https://unityverseacademy.com/public/tema10/js/datetimepicker/locale-tr.js?v=5.4.94","0","","","","","","Indexable",""
"https://unityverseacademy.com/uploads/p/cd/BQMaSWDnF9Xq.png","0","","","","","","Indexable",""
"https://unityverseacademy.com/uploads/p/p/s/unity-ile-oyun-gelistirme-canli-online-egitimi-staj-garantili_1.jpeg?v=1781632188","0","","","","","","Indexable",""
"https://unityverseacademy.com/blog-detay/emre-gungorun-sps-senurdaki-robotic-system-developer-yolculugu-95/","0","","","","https://unityverseacademy.com/blog-detay/emre-gungorun-sps-senurdaki-robotic-system-developer-yolculugu-95/","","Indexable",""
"https://unityverseacademy.com/blog-detay/can-kalyoncuoglu-hayallerden-gerceklere-128/","0","","","","https://unityverseacademy.com/blog-detay/can-kalyoncuoglu-hayallerden-gerceklere-128/","","Indexable",""
"https://unityverseacademy.com/uploads/fm/WhatsApp_Image_2025-02-20_at_16_28_2714.jpg","0","","","","","","Indexable",""
"https://unityverseacademy.com/urun/rhino-egitimi-24-saat-online-ozel-ders-1131/","0","","","","https://unityverseacademy.com/urun/rhino-egitimi-24-saat-online-ozel-ders-1131/","","Indexable",""
"https://unityverseacademy.com/urun/unity-ile-oyun-gelistirme-yuz-yuze-ozel-ders-1045/","0","","","","https://unityverseacademy.com/urun/unity-ile-oyun-gelistirme-yuz-yuze-ozel-ders-1045/","","Indexable",""
"https://unityverseacademy.com/urun/revit-egitimi-yuz-yuze-1581/","0","","","","https://unityverseacademy.com/urun/revit-egitimi-yuz-yuze-1581/","","Indexable",""
"https://unityverseacademy.com/uploads/p/p/unreal-engine-5-ile-kodsuz-oyun-gelistirme-online-canli-egitim_1.jpg?v=1687689899","0","","","","","","Indexable",""
"https://unityverseacademy.com/uploads/p/p/revit-egitimi-yuz-yuze_1.jpg?v=1763107881","0","","","","","","Indexable",""
"https://unityverseacademy.com/uploads/p/p/unreal-engine-ile-sanal-gerceklik-ozel-ders-online-canli-egitim_1.jpg?v=1696602726","0","","","","","","Indexable",""
"https://unityverseacademy.com/blog/10/","0","","","","https://unityverseacademy.com/blog/10/","","Indexable",""
"https://unityverseacademy.com/uploads/p/p/lineer-cebir-linear-algebra-egitimi-ozel-ders_1.jpg?v=1759324818","0","","","","","","Indexable",""
"https://unityverseacademy.com/uploads/p/p/veri-yapilari-egitimi-ozel-ders_1.jpg?v=1759324987","0","","","","","","Indexable",""
"https://unityverseacademy.com/uploads/fm/IMG_503723.jpg","0","","","","","","Indexable",""
"https://unityverseacademy.com/urun/autodesk-fusion-360-endustriyel-urun-tasarimi-uzmanligi-yuz-yuze-ozel-ders-20-saat-1591/","0","","","","https://unityverseacademy.com/urun/autodesk-fusion-360-endustriyel-urun-tasarimi-uzmanligi-yuz-yuze-ozel-ders-20-saat-1591/","","Indexable",""
"https://unityverseacademy.com/uploads/fm/IMG_511523.jpg","0","","","","","","Indexable",""
"https://unityverseacademy.com/urun/adobe-photoshop-onlinecanli-egitim-779/","0","","","","https://unityverseacademy.com/urun/adobe-photoshop-onlinecanli-egitim-779/","","Indexable",""
"https://unityverseacademy.com/uploads/fm/image81.png","0","","","","","","Indexable",""
"https://unityverseacademy.com/urun/mimarlik-ic-mimarlik-icin-3d-tasarim-ve-gorsellestirme-egitimi-online-1549/","0","","","","https://unityverseacademy.com/urun/mimarlik-ic-mimarlik-icin-3d-tasarim-ve-gorsellestirme-egitimi-online-1549/","","Indexable",""
"https://unityverseacademy.com/urun/fen-bilimleri-egitimi-ozel-ders-1430/","0","","","","https://unityverseacademy.com/urun/fen-bilimleri-egitimi-ozel-ders-1430/","","Indexable",""
"https://unityverseacademy.com/os/kariyer-is-14/","0","","","","https://unityverseacademy.com/os/kariyer-is-14/","","Indexable",""
"https://unityverseacademy.com/uploads/p/p/mimarlik-ic-mimarlik-icin-3d-tasarim-ve-gorsellestirme-egitimi-yuz-yuze-120-saat_1.jpg?v=1757507863","0","","","","","","Indexable",""
"https://unityverseacademy.com/urun/3ds-max-corona-ile-fotogercekci-mimari-gorsellestirmeegitimi-online-1614/","0","","","","https://unityverseacademy.com/urun/3ds-max-corona-ile-fotogercekci-mimari-gorsellestirmeegitimi-online-1614/","","Indexable",""
"https://unityverseacademy.com/uploads/fm/IMG_51482.jpg","0","","","","","","Indexable",""
"https://unityverseacademy.com/uploads/fm/ITS-Badges_HTML-and-CSS_1200px.png","0","","","","","","Indexable",""
"https://unityverseacademy.com/urun/microsoft-office-egitimi-10-saat-1639/","0","","","","https://unityverseacademy.com/urun/microsoft-office-egitimi-10-saat-1639/","","Indexable",""
"https://unityverseacademy.com/urun/cocuk-ve-gencler-icin-unity-ile-oyun-gelistirme-yuz-yuze-egitimi-1042/","0","","","","https://unityverseacademy.com/urun/cocuklar-icin-unity-ile-oyun-gelistirme-yuz-yuze-egitimi-1042/","","Non-Indexable","Canonicalised"
"https://unityverseacademy.com/public/tema10/css/about-gallery.css?v=1","0","","","","","","Indexable",""
"https://unityverseacademy.com/uploads/p/p/profesyonel-3b-modelleme-dijital-sanat-programi-online_1.jpg?v=1757508001","0","","","","","","Indexable",""
"https://unityverseacademy.com/uploads/p/p/matematik-egitimi-ozel-ders_2.jpg?v=1757940484","0","","","","","","Indexable",""
"https://unityverseacademy.com/uploads/p/p/unity-ile-oyun-gelistirme-canli-online-egitimi-8-ay_1.jpeg?v=1753521718","0","","","","","","Indexable",""
"https://unityverseacademy.com/urun/mimarlik-ic-mimarlik-icin-3d-tasarim-ve-gorsellestirme-egitimi-yuz-yuze-120-saat-1577/","0","","","","https://unityverseacademy.com/urun/mimarlik-ic-mimarlik-icin-3d-tasarim-ve-gorsellestirme-egitimi-yuz-yuze-120-saat-1577/","","Indexable",""
"https://unityverseacademy.com/urun/yapay-zeka-destekli-unity-ile-oyun-gelistirme-egitimi-online-1682/","0","","","","https://unityverseacademy.com/urun/yapay-zeka-destekli-unity-ile-oyun-gelistirme-egitimi-online-1682/","","Indexable",""
"https://unityverseacademy.com/uploads/p/p/unity-ile-oyun-gelistirme-online-ozel-ders_1.jpg?v=1740657991","0","","","","","","Indexable",""
"https://unityverseacademy.com/uploads/fm/ITS-Badges_JavaScript_1200px.png","0","","","","","","Indexable",""
"https://unityverseacademy.com/urun/ic-mimarlik-ve-dekorasyon-egitimi-1132/","0","","","","https://unityverseacademy.com/urun/ic-mimarlik-ve-dekorasyon-egitimi-1132/","","Indexable",""
"https://unityverseacademy.com/urun/unreal-engine-ile-oyun-gelistirme-150-saatlik-kapsamli-blueprintmufredati-online-1028/","0","","","","https://unityverseacademy.com/urun/unreal-engine-ile-oyun-gelistirme-150-saatlik-kapsamli-blueprintmufredati-online-1028/","","Indexable",""
"https://unityverseacademy.com/urun/flutter-ile-mobil-uygulama-gelistirme-canli-online-egitimi-557/","0","","","","https://unityverseacademy.com/urun/flutter-ile-mobil-uygulama-gelistirme-canli-online-egitimi-557/","","Indexable",""
"https://unityverseacademy.com/urun/unity-ile-oyun-gelistirme-online-ozel-ders-1256/","0","","","","https://unityverseacademy.com/urun/unity-ile-oyun-gelistirme-online-ozel-ders-1256/","","Indexable",""
"https://unityverseacademy.com/uploads/fm/Kurucu_Eğitmen_Prof__Dr__Çetin_Kaya_Koç_pdf_13.jpg","0","","","","","","Indexable",""
"https://unityverseacademy.com/uploads/p/p/bilgisayarli-muhasebe-egitimi_1.jpg?v=1757934855","0","","","","","","Indexable",""
"https://unityverseacademy.com/urun/2b-oyun-karakter-tasarimi-ve-animasyon-ozel-ders-1250/","0","","","","https://unityverseacademy.com/urun/2b-oyun-karakter-tasarimi-ve-animasyon-ozel-ders-1250/","","Indexable",""
"https://unityverseacademy.com/urun/excel-kursu-temelden-ileri-seviyeye-10-saat-1662/","0","","","","https://unityverseacademy.com/urun/excel-kursu-temelden-ileri-seviyeye-10-saat-1662/","","Indexable",""
"https://unityverseacademy.com/urun/rhino-egitimi-40-saat-online-1507/","0","","","","https://unityverseacademy.com/urun/rhino-egitimi-40-saat-online-1507/","","Indexable",""
"https://unityverseacademy.com/uploads/p/p/yapay-zeka-destekli-unity-ile-oyun-gelistirme-egitimi-yuz-yuze_1.webp?v=1780419433","0","","","","","","Indexable",""
"https://unityverseacademy.com/uploads/fm/Ders_Bilgileri1.png","0","","","","","","Indexable",""
"https://unityverseacademy.com/uploads/p/p/mimarlik-ic-mimarlik-icin-3d-tasarim-ve-gorsellestirme-egitimi-online-120-saat_1.jpg?v=1762861033","0","","","","","","Indexable",""
"https://unityverseacademy.com/uploads/p/p/it-danismanlik-hizmeti-ozel-ders_1.jpg?v=1759325219","0","","","","","","Indexable",""
"https://unityverseacademy.com/uploads/fm/WhatsApp_Image_2025-02-25_at_12_02_26_(1)1.jpg","0","","","","","","Indexable",""
"https://unityverseacademy.com/uploads/fm/IMG_492032.jpg","0","","","","","","Indexable",""
"https://unityverseacademy.com/uploads/fm/IMG_51152.jpg","0","","","","","","Indexable",""
"https://unityverseacademy.com/uploads/fm/IMG_50236.jpg","0","","","","","","Indexable",""
"https://unityverseacademy.com/uploads/p/p/autocad-egitimi-ozel-ders_1.jpg?v=1757507038","0","","","","","","Indexable",""
"https://unityverseacademy.com/uploads/p/p/sketchupta-mimari-ve-ic-mekân-modelleme-egitimi-uygulamali-online_1.jpg?v=1766155098","0","","","","","","Indexable",""
"https://unityverseacademy.com/uploads/fm/IMG_50372.jpg","0","","","","","","Indexable",""
"https://unityverseacademy.com/urun/almanca-egitimi-ozel-ders-1440/","0","","","","https://unityverseacademy.com/urun/almanca-egitimi-ozel-ders-1440/","","Indexable",""
"https://unityverseacademy.com/urun/autocad-elektrik-tesisat-projeleri-egitimi-yapi-denetim-odakli-1637/","0","","","","https://unityverseacademy.com/urun/autocad-elektrik-tesisat-projeleri-egitimi-yapi-denetim-odakli-1637/","","Indexable",""
"https://unityverseacademy.com/uploads/p/p/Autodesk-Fusion-360-Endustriyel-Urun-Tasarimi-Egitimi_1.jpg?v=1660636265","0","","","","","","Indexable",""
"https://unityverseacademy.com/uploads/fm/IMG_51032.jpg","0","","","","","","Indexable",""
"https://unityverseacademy.com/uploads/p/b/oguzhan-durakin-grafik-tasarim-ve-video-kurgu-alanindaki-yolculugu_2.webp?v=1779437508","0","","","","","","Indexable",""
"https://unityverseacademy.com/urun/gelismis-autocad-elektrik-projeciligi-egitimi-yapi-denetim-odakli-uygulamali-1635/","0","","","","https://unityverseacademy.com/urun/gelismis-autocad-elektrik-projeciligi-egitimi-yapi-denetim-odakli-uygulamali-1635/","","Indexable",""
"https://unityverseacademy.com/urun/unreal-engine-5-gorsellestirme-ve-animasyon-yuz-yuze-egitim-1032/","0","","","","https://unityverseacademy.com/urun/unreal-engine-5-gorsellestirme-ve-animasyon-yuz-yuze-egitim-1032/","","Indexable",""
"https://unityverseacademy.com/uploads/p/p/mimarlik-ic-mimarlik-icin-3d-tasarim-ve-gorsellestirme-egitimi-online_2.jpg?v=1761557200","0","","","","","","Indexable",""
"https://unityverseacademy.com/uploads/fm/oyun_site_koyulcak2.jpg","0","","","","","","Indexable",""
"https://unityverseacademy.com/uploads/fm/IMG_5148.jpg","0","","","","","","Indexable",""
"https://unityverseacademy.com/urun/unreal-engine-ile-sanal-gerceklik-vr-ozel-ders-yuz-yuze-egitim-1337/","0","","","","https://unityverseacademy.com/urun/unreal-engine-ile-sanal-gerceklik-vr-ozel-ders-yuz-yuze-egitim-1337/","","Indexable",""
"https://unityverseacademy.com/urun/grafik-tasarim-ve-video-efekt-uzmanligi-canli-online-egitimi-1484/","0","","","","https://unityverseacademy.com/urun/grafik-tasarim-ve-video-efekt-uzmanligi-canli-online-egitimi-1484/","","Indexable",""
"https://unityverseacademy.com/uploads/p/p/2b-oyun-karakter-tasarimi-ve-animasyon-canli-online-egitimi_1.jpg?v=1759406018","0","","","","","","Indexable",""
"https://unityverseacademy.com/uploads/fm/OYUN_ÖRNEK_SERTİFİKA25.jpg","0","","","","","","Indexable",""
"https://unityverseacademy.com/uploads/fm/IMG_587153.jpg","0","","","","","","Indexable",""
"https://unityverseacademy.com/urun/yonetmenlik-ve-sinematografiye-giris-yuz-yuze-egitimi-620/","0","","","","https://unityverseacademy.com/urun/yonetmenlik-ve-sinematografiye-giris-yuz-yuze-egitimi-620/","","Indexable",""
"https://unityverseacademy.com/urun/zbrush-ile-kuyumculuk-ve-taki-tasarimi-egitimi-online-1536/","0","","","","https://unityverseacademy.com/urun/zbrush-ile-kuyumculuk-ve-taki-tasarimi-egitimi-online-1536/","","Indexable",""
"https://unityverseacademy.com/urun/unity-ile-oyun-gelistirme-yuz-yuze-ozel-ders-1361/","0","","","","https://unityverseacademy.com/urun/unity-ile-oyun-gelistirme-yuz-yuze-ozel-ders-1361/","","Indexable",""
"https://unityverseacademy.com/uploads/p/p/dijital-pazarlama-pazar-yeri-ve-e-ticaret-yoneticiligi-egitimi-25-saat-ozel-ders_1.jpeg?v=1741954592","0","","","","","","Indexable",""
"https://unityverseacademy.com/uploads/fm/IMG_510321.jpg","0","","","","","","Indexable",""
"https://unityverseacademy.com/uploads/p/p/autodesk-fusion-360-endustriyel-urun-tasarimi-uzmanligi-canli-online-egitimi_1.jpg?v=1762940099","0","","","","","","Indexable",""
"https://unityverseacademy.com/uploads/p/p/unity-ile-oyun-gelistirme-yuz-yuze-ozel-ders_2.jpg?v=1696601901","0","","","","","","Indexable",""
"https://unityverseacademy.com/urun/film-ve-animasyon-icin-storyboard-canli-online-egitimi-551/","0","","","","https://unityverseacademy.com/urun/film-ve-animasyon-icin-storyboard-canli-online-egitimi-551/","","Indexable",""
"https://unityverseacademy.com/uploads/fm/dijital_oyun_geliştirme_(1)26.jpg","0","","","","","","Indexable",""
"https://unityverseacademy.com/uploads/p/b/filiz-tumuklunun-yazilim-test-otomasyonu-egitimi-ve-kariyer-basarisi_1.webp?v=1779375143","0","","","","","","Indexable",""
"https://unityverseacademy.com/uploads/fm/image80.png","0","","","","","","Indexable",""
"https://unityverseacademy.com/uploads/p/p/unreal-engine-ile-sanal-gerceklik-vr-ozel-ders_2.jpg?v=1696602480","0","","","","","","Indexable",""
"https://unityverseacademy.com/uploads/fm/WhatsApp_Image_2022-08-10_at_11_30_58_(2).jpg","0","","","","","","Indexable",""
"https://unityverseacademy.com/urun/autocad-egitimi-1519/","0","","","","https://unityverseacademy.com/urun/autocad-egitimi-1519/","","Indexable",""
"https://unityverseacademy.com/uploads/p/p/ispanyolca-egitimi-ozel-ders_1.jpg?v=1759326018","0","","","","","","Indexable",""
"https://unityverseacademy.com/uploads/p/p/diferansiyel-denklemler-egitimi-ozel-ders_1.jpg?v=1759325109","0","","","","","","Indexable",""
"https://unityverseacademy.com/urun/zbrush-ile-organik-modelleme-yuz-yuze-egitimi-590/","0","","","","https://unityverseacademy.com/urun/zbrush-ile-organik-modelleme-yuz-yuze-egitimi-590/","","Indexable",""
"https://unityverseacademy.com/uploads/p/p/mimarlik-ic-mimarlik-icin-3d-tasarim-ve-gorsellestirme-egitimi-yuz-yuze-120-saat_2.jpg?v=1762861048","0","","","","","","Indexable",""
"https://unityverseacademy.com/uploads/p/p/3ds-max-corona-ile-fotogercekci-mimari-gorsellestirmeegitimi-yuz-yuze_2.jpg?v=1765798374","0","","","","","","Indexable",""
"https://unityverseacademy.com/uploads/p/p/turkce-egitimi-ozel-ders_1.jpg?v=1759325572","0","","","","","","Indexable",""
"https://unityverseacademy.com/urun/yapay-zeka-destekli-unity-ile-oyun-gelistirme-egitimi-yuz-yuze-1680/","0","","","","https://unityverseacademy.com/urun/yapay-zeka-destekli-unity-ile-oyun-gelistirme-egitimi-yuz-yuze-1680/","","Indexable",""
"https://unityverseacademy.com/uploads/p/p/unreal-engine-ile-sanal-gerceklik-vr-ozel-ders-yuz-yuze-egitim_1.jpg?v=1757921933","0","","","","","","Indexable",""
"https://unityverseacademy.com/uploads/p/p/autodesk-fusion-360-endustriyel-urun-tasarimi-uzmanligi-yuz-yuze-ozel-ders-20-saat_1.jpg?v=1763377256","0","","","","","","Indexable",""
"https://unityverseacademy.com/urun/ispanyolca-egitimi-ozel-ders-1441/","0","","","","https://unityverseacademy.com/urun/ispanyolca-egitimi-ozel-ders-1441/","","Indexable",""
"https://unityverseacademy.com/urun/java-yazilim-egitimi-online-819/","0","","","","https://unityverseacademy.com/urun/java-yazilim-egitimi-online-819/","","Indexable",""
"https://unityverseacademy.com/urun/zbrush-ile-organik-modelleme-canli-yuz-yuze-ozel-ders-1533/","0","","","","https://unityverseacademy.com/urun/zbrush-ile-organik-modelleme-canli-yuz-yuze-ozel-ders-1533/","","Indexable",""
"https://unityverseacademy.com/urun/unreal-engine-ile-sanal-gerceklik-vr-ozel-ders-online-canli-egitim-1029/","0","","","","https://unityverseacademy.com/urun/unreal-engine-ile-sanal-gerceklik-vr-ozel-ders-online-canli-egitim-1029/","","Indexable",""
"https://unityverseacademy.com/uploads/p/p/proje-yonetimi-egitimi_1.jpg?v=1759324109","0","","","","","","Indexable",""
"https://unityverseacademy.com/uploads/fm/WhatsApp_Image_2022-08-10_at_11_30_53_(3).jpg","0","","","","","","Indexable",""
"https://unityverseacademy.com/uploads/fm/WhatsApp_Image_2023-03-21_at_09_54_092.jpg","0","","","","","","Indexable",""
"https://unityverseacademy.com/urun/unreal-engine-ile-sanal-gerceklik-ozel-ders-online-canli-egitim-1044/","0","","","","https://unityverseacademy.com/urun/unreal-engine-ile-sanal-gerceklik-ozel-ders-online-canli-egitim-1044/","","Indexable",""
"https://unityverseacademy.com/uploads/p/b/suleyman-ozgonul-oyun-gelistiricilikte-zirveye-giden-yol_1.webp?v=1779436854","0","","","","","","Indexable",""
"https://unityverseacademy.com/urun/microsoft-office-egitimi-1123/","0","","","","https://unityverseacademy.com/urun/microsoft-office-egitimi-1123/","","Indexable",""
"https://unityverseacademy.com/uploads/p/p/2b-oyun-karakter-tasarimi-ve-animasyon-ozel-ders_1.jpg?v=1759326687","0","","","","","","Indexable",""
"https://unityverseacademy.com/uploads/fm/IMG_49203.jpg","0","","","","","","Indexable",""
"https://unityverseacademy.com/uploads/p/p/3ds-max-egitimi-30-saat-ozel-ders_1.jpg?v=1762865286","0","","","","","","Indexable",""
"https://unityverseacademy.com/uploads/fm/WhatsApp_Image_2022-08-10_at_11_30_53.jpg","0","","","","","","Indexable",""
"https://unityverseacademy.com/blog-detay/zbrush-kursu-egitimi-296/","0","","","","https://unityverseacademy.com/blog-detay/zbrush-kursu-egitimi-296/","","Indexable",""
"https://unityverseacademy.com/blog-detay/semantik-teknoloji-depo-stok-takip-uygulamasi-tanitimi-251/","0","","","","https://unityverseacademy.com/blog-detay/semantik-teknoloji-depo-stok-takip-uygulamasi-tanitimi-251/","","Indexable",""
"https://unityverseacademy.com/uploads/p/p/v-ray-ile-gercekci-ic-ve-dis-mekân-render-uretimi-egitimi-online-egitim_1.jpg?v=1766264260","0","","","","","","Indexable",""
"https://unityverseacademy.com/uploads/fm/IMG_5238-min2.jpg","0","","","","","","Indexable",""
"https://unityverseacademy.com/uploads/p/p/fen-bilimleri-egitimi-ozel-ders_1.jpg?v=1757943566","0","","","","","","Indexable",""
"https://unityverseacademy.com/urun/flutter-ile-mobil-uygulama-gelistirme-yuz-yuze-egitimi-606/","0","","","","https://unityverseacademy.com/urun/flutter-ile-mobil-uygulama-gelistirme-yuz-yuze-egitimi-606/","","Indexable",""
"https://unityverseacademy.com/uploads/fm/oyun_site_konulcak123.jpg","0","","","","","","Indexable",""
"https://unityverseacademy.com/uploads/fm/WhatsApp_Image_2023-03-21_at_10_32_09.jpg","0","","","","","","Indexable",""
"https://unityverseacademy.com/urun/lumion-egitimi-1130/","0","","","","https://unityverseacademy.com/urun/lumion-egitimi-1130/","","Indexable",""
"https://unityverseacademy.com/uploads/p/p/unity-ile-oyun-gelistirme-yuz-yuze-egitimi_1.jpeg?v=1714312888","0","","","","","","Indexable",""
"https://unityverseacademy.com/uploads/fm/projegeliştirmeai21.png","0","","","","","","Indexable",""
"https://unityverseacademy.com/urun/adobe-photoshop-ve-adobe-illustrator-onlinecanli-egitim-1001/","0","","","","https://unityverseacademy.com/urun/adobe-photoshop-ve-adobe-illustrator-onlinecanli-egitim-1001/","","Indexable",""
"https://unityverseacademy.com/uploads/p/p/unreal-engine-ile-metaverse-gelistirme-online-canli-egitim_2.jpg?v=1696602805","0","","","","","","Indexable",""
"https://unityverseacademy.com/urun/cocuklar-icin-unity-ile-oyun-gelistirme-canli-online-egitimi-1380/","0","","","","https://unityverseacademy.com/urun/cocuklar-icin-unity-ile-oyun-gelistirme-canli-online-egitimi-1380/","","Indexable",""
"https://unityverseacademy.com/urun/36-saat-kapsamli-zbrush-modelleme-egitimi-online-1540/","0","","","","https://unityverseacademy.com/urun/36-saat-kapsamli-zbrush-modelleme-egitimi-online-1540/","","Indexable",""
"https://unityverseacademy.com/uploads/fm/gokhan_sahinkaya_(1).pdf","0","","","","","","Indexable",""
"https://unityverseacademy.com/uploads/fm/WhatsApp_Image_2022-08-10_at_11_30_59_(3).jpg","0","","","","","","Indexable",""
"https://unityverseacademy.com/urun/unreal-engine-ile-oyun-gelistirme-150-saatlik-kapsamli-blueprintmufredati-yuz-yuze-egitim-1116/","0","","","","https://unityverseacademy.com/urun/unreal-engine-ile-oyun-gelistirme-150-saatlik-kapsamli-blueprintmufredati-yuz-yuze-egitim-1116/","","Indexable",""
"https://unityverseacademy.com/uploads/p/p/unity-ile-oyun-gelistirme-canli-online-egitimi_1.jpeg?v=1714312907","0","","","","","","Indexable",""
"https://unityverseacademy.com/urun/film-ve-animasyon-icin-storyboard-yuz-yuze-egitimi-ozel-ders-1287/","0","","","","https://unityverseacademy.com/urun/film-ve-animasyon-icin-storyboard-yuz-yuze-egitimi-ozel-ders-1287/","","Indexable",""
"https://unityverseacademy.com/uploads/p/b/berkay-kurt-multiplayer-oyun-gelistiriciliginde-bir-yildiz_1.webp?v=1779436884","0","","","","","","Indexable",""
"https://unityverseacademy.com/uploads/p/p/v-ray-ile-gercekci-ic-ve-dis-mekân-render-uretimi-yuz-yuze_1.jpg?v=1766264122","0","","","","","","Indexable",""
"https://unityverseacademy.com/uploads/p/p/autocad-egitimi_2.jpg?v=1762947116","0","","","","","","Indexable",""
"https://unityverseacademy.com/uploads/fm/IMG_512313.jpg","0","","","","","","Indexable",""
"https://unityverseacademy.com/blog-detay/substance-painter-egitimi-286/","0","","","","https://unityverseacademy.com/blog-detay/substance-painter-egitimi-286/","","Indexable",""
"https://unityverseacademy.com/uploads/fm/oyun_site_konulcak12.jpg","0","","","","","","Indexable",""
"https://unityverseacademy.com/uploads/p/b/burak-ercayanin-yazilim-test-otomasyonu-egitimi-ve-testiniumdaki-isi_2.webp?v=1779436969","0","","","","","","Indexable",""
"https://unityverseacademy.com/public/tema10/css/blog-detail-gallery.css?v=1.0.0","0","","","","","","Indexable",""
"https://unityverseacademy.com/uploads/p/p/profesyonel-mimari-render-ve-etkilesim-egitimi-online-24-saat_1.jpg?v=1765798494","0","","","","","","Indexable",""
"https://unityverseacademy.com/uploads/fm/web-02_(1).jpg","0","","","","","","Indexable",""
"https://unityverseacademy.com/uploads/p/p/mimarlik-ic-mimarlik-icin-3d-tasarim-ve-gorsellestirme-egitimi-yuz-yuze-100-saat_1.jpg?v=1763456755","0","","","","","","Indexable",""
"https://unityverseacademy.com/urun/fizik-egitimi-ozel-ders-1429/","0","","","","https://unityverseacademy.com/urun/fizik-egitimi-ozel-ders-1429/","","Indexable",""
"https://unityverseacademy.com/urun/java-yazilim-egitimi-yuz-yuze-821/","0","","","","https://unityverseacademy.com/urun/java-yazilim-egitimi-yuz-yuze-821/","","Indexable",""
"https://unityverseacademy.com/uploads/p/p/ayrik-matematik-discrete-mathematics-egitimi-ozel-ders_1.jpg?v=1759324738","0","","","","","","Indexable",""
"https://unityverseacademy.com/uploads/fm/0_cert_Information_Technology_(IT)_Specialist_Certificate.jpg","0","","","","","","Indexable",""
"https://unityverseacademy.com/uploads/fm/WhatsApp_Image_2022-08-10_at_11_30_58.jpg","0","","","","","","Indexable",""
"https://unityverseacademy.com/uploads/p/p/egitim-koclugu-ozel-ders_1.jpg?v=1759325700","0","","","","","","Indexable",""
"https://unityverseacademy.com/uploads/p/p/s/unity-ile-oyun-gelistirme-canli-online-egitimi_1.png?v=1695285630","0","","","","","","Indexable",""
"https://unityverseacademy.com/urun/desinatorluk-yuz-yuze-egitimi-612/","0","","","","https://unityverseacademy.com/urun/desinatorluk-yuz-yuze-egitimi-612/","","Indexable",""
"https://unityverseacademy.com/urun/zbrush-ile-kuyumculuk-ve-taki-tasarimi-egitimi-yuz-yuze-1535/","0","","","","https://unityverseacademy.com/urun/zbrush-ile-kuyumculuk-ve-taki-tasarimi-egitimi-yuz-yuze-1535/","","Indexable",""
"https://unityverseacademy.com/urun/ingilizce-egitimi-ozel-ders-1442/","0","","","","https://unityverseacademy.com/urun/ingilizce-egitimi-ozel-ders-1442/","","Indexable",""
"https://unityverseacademy.com/uploads/p/p/cocuk-ve-gencler-icin-unity-ile-oyun-gelistirme-yuz-yuze-egitimi_2.jpg?v=1759586740","0","","","","","","Indexable",""
"https://unityverseacademy.com/uploads/p/p/unreal-engine-5-gorsellestirme-ve-animasyon-yuz-yuze-egitim_2.jpg?v=1759586166","0","","","","","","Indexable",""
"https://unityverseacademy.com/urun/unreal-engine-ile-metaverse-gelistirme-yuz-yuze-egitim-850/","0","","","","https://unityverseacademy.com/urun/unreal-engine-ile-metaverse-gelistirme-yuz-yuze-egitim-850/","","Indexable",""
"https://unityverseacademy.com/urun/desinatorluk-egitimi-ozel-ders-1412/","0","","","","https://unityverseacademy.com/urun/desinatorluk-egitimi-ozel-ders-1412/","","Indexable",""
"https://unityverseacademy.com/uploads/fm/MicroSoft1.jpg","0","","","","","","Indexable",""
"https://unityverseacademy.com/uploads/p/p/unreal-engine-ile-sanal-gerceklik-online-canli-egitim_1.jpg?v=1696602754","0","","","","","","Indexable",""
"https://unityverseacademy.com/uploads/fm/IMG_50982.jpg","0","","","","","","Indexable",""
"https://unityverseacademy.com/urun/it-danismanlik-hizmeti-ozel-ders-1435/","0","","","","https://unityverseacademy.com/urun/it-danismanlik-hizmeti-ozel-ders-1435/","","Indexable",""
"https://unityverseacademy.com/uploads/p/p/unity-ile-oyun-gelistirme-canli-online-egitimi_1.png?v=1695285630","0","","","","","","Indexable",""
"https://unityverseacademy.com/uploads/fm/Ekran_görüntüsü_2023-03-21_102640.png","0","","","","","","Indexable",""
"https://unityverseacademy.com/urun/sosyal-medya-ve-google-reklamciligi-yuz-yuze-egitimi-1558/","0","","","","https://unityverseacademy.com/urun/sosyal-medya-ve-google-reklamciligi-yuz-yuze-egitimi-1558/","","Indexable",""
"https://unityverseacademy.com/urun/zbrush-ile-organik-modelleme-canli-online-ozel-ders-24-saat-1297/","0","","","","https://unityverseacademy.com/urun/zbrush-ile-organik-modelleme-canli-online-ozel-ders-24-saat-1297/","","Indexable",""
"https://unityverseacademy.com/uploads/fm/IMG_510322.jpg","0","","","","","","Indexable",""
"https://unityverseacademy.com/uploads/p/p/2b-cizgi-film-ve-animasyon-uzmanligi-canli-online-egitimi_2.jpg?v=1759405086","0","","","","","","Indexable",""
"https://unityverseacademy.com/uploads/p/o/X9cFsrJqWZGf.jpg","0","","","","","","Indexable",""
"https://unityverseacademy.com/uploads/fm/WhatsApp_Görsel_2025-09-23_saat_14_40_10_b4a342a21.jpg","0","","","","","","Indexable",""
"https://unityverseacademy.com/urun/3ds-max-corona-ile-fotogercekci-mimari-gorsellestirmeegitimi-yuz-yuze-1615/","0","","","","https://unityverseacademy.com/urun/3ds-max-corona-ile-fotogercekci-mimari-gorsellestirmeegitimi-yuz-yuze-1615/","","Indexable",""
"https://unityverseacademy.com/uploads/fm/Ekran_görüntüsü_2023-03-21_182555.png","0","","","","","","Indexable",""
"https://unityverseacademy.com/uploads/p/p/unreal-engine-5-ile-blueprint-oyun-gelistirme-yuz-yuze-egitim_1.jpg?v=1711707239","0","","","","","","Indexable",""
"https://unityverseacademy.com/urun/unreal-engine-ile-metaverse-gelistirme-online-canli-egitim-851/","0","","","","https://unityverseacademy.com/urun/unreal-engine-ile-metaverse-gelistirme-online-canli-egitim-851/","","Indexable",""
"https://unityverseacademy.com/uploads/p/p/yapay-zeka-destekli-unity-ile-oyun-gelistirme-egitimi-online_1.webp?v=1780419449","0","","","","","","Indexable",""
"https://unityverseacademy.com/uploads/p/p/s/Autodesk-Fusion-360-Endustriyel-Urun-Tasarimi-Egitimi_1.jpg?v=1660636265","0","","","","","","Indexable",""
"https://unityverseacademy.com/urun/veri-yapilari-egitimi-ozel-ders-1433/","0","","","","https://unityverseacademy.com/urun/veri-yapilari-egitimi-ozel-ders-1433/","","Indexable",""
"https://unityverseacademy.com/urun/zbrush-ile-organik-modelleme-canli-online-ozel-ders-1052/","0","","","","https://unityverseacademy.com/urun/zbrush-ile-organik-modelleme-canli-online-ozel-ders-1052/","","Indexable",""
"https://unityverseacademy.com/uploads/p/p/sketchupta-mimari-ve-ic-mekân-modelleme-egitimi-uygulamali-yuz-yuze_1.jpg?v=1766155079","0","","","","","","Indexable",""
"https://unityverseacademy.com/uploads/fm/IMG_508921.jpg","0","","","","","","Indexable",""
"https://unityverseacademy.com/urun/mimarlik-ic-mimarlik-icin-3d-tasarim-ve-gorsellestirme-egitimi-yuz-yuze-100-saat-1592/","0","","","","https://unityverseacademy.com/urun/mimarlik-ic-mimarlik-icin-3d-tasarim-ve-gorsellestirme-egitimi-yuz-yuze-100-saat-1592/","","Indexable",""
"https://unityverseacademy.com/urun/zbrush-ile-organik-modelleme-online-egitimi-1528/","0","","","","https://unityverseacademy.com/urun/zbrush-ile-organik-modelleme-online-egitimi-1528/","","Indexable",""
"https://unityverseacademy.com/uploads/p/p/desinatorluk-canli-online-egitimi_2.jpg?v=1699876654","0","","","","","","Indexable",""
"https://unityverseacademy.com/urun/adobe-illustrator-onlinecanli-ozel-ders-835/","0","","","","https://unityverseacademy.com/urun/adobe-illustrator-onlinecanli-ozel-ders-835/","","Indexable",""
"https://unityverseacademy.com/public/tema10/js/vue-bundle.js?v=5.4.94","0","","","","","","Indexable",""
"https://unityverseacademy.com/urun/unreal-engine-ile-sanal-gerceklik-online-canli-egitim-653/","0","","","","https://unityverseacademy.com/urun/unreal-engine-ile-sanal-gerceklik-online-canli-egitim-653/","","Indexable",""
"https://unityverseacademy.com/urun/kurumsal-iletisim-egitimi-ozel-ders-1436/","0","","","","https://unityverseacademy.com/urun/kurumsal-iletisim-egitimi-ozel-ders-1436/","","Indexable",""
"https://unityverseacademy.com/urun/adobe-photoshop-ve-adobe-illustrator-yuz-yuze-egitimi-1002/","0","","","","https://unityverseacademy.com/urun/adobe-photoshop-ve-adobe-illustrator-yuz-yuze-egitimi-1002/","","Indexable",""
"https://unityverseacademy.com/urun/film-ve-animasyon-icin-storyboard-yuz-yuze-egitimi-599/","0","","","","https://unityverseacademy.com/urun/film-ve-animasyon-icin-storyboard-yuz-yuze-egitimi-599/","","Indexable",""
"https://unityverseacademy.com/urun/adobe-photoshop-yuz-yuze-egitim-783/","0","","","","https://unityverseacademy.com/urun/adobe-photoshop-yuz-yuze-egitim-783/","","Indexable",""
"https://unityverseacademy.com/urun/turkce-egitimi-ozel-ders-1438/","0","","","","https://unityverseacademy.com/urun/turkce-egitimi-ozel-ders-1438/","","Indexable",""
"https://unityverseacademy.com/public/tema10/js/filters.js?v=5.4.97","0","","","","","","Indexable",""
"https://unityverseacademy.com/urun/dijital-pazarlama-pazar-yeri-ve-e-ticaret-yoneticiligi-egitimi-25-saat-ozel-ders-1298/","0","","","","https://unityverseacademy.com/urun/dijital-pazarlama-pazar-yeri-ve-e-ticaret-yoneticiligi-egitimi-25-saat-ozel-ders-1298/","","Indexable",""
"https://unityverseacademy.com/public/tema10/js/fancybox/jquery-3.3.1.js?v=5.4.94","0","","","","","","Indexable",""
"https://unityverseacademy.com/urun/mimarlik-icin-3d-tasarim-ve-gorsellestirme-egitimi-online-120-saat-1578/","0","","","","https://unityverseacademy.com/urun/mimarlik-icin-3d-tasarim-ve-gorsellestirme-egitimi-online-120-saat-1578/","","Indexable",""
"https://unityverseacademy.com/uploads/p/p/insan-kaynaklari-egitimi-ozel-ders_1.jpg?v=1759325510","0","","","","","","Indexable",""
"https://unityverseacademy.com/uploads/p/p/fizik-egitimi-ozel-ders_2.jpg?v=1757943503","0","","","","","","Indexable",""
"https://unityverseacademy.com/urun/lineer-cebir-linear-algebra-egitimi-ozel-ders-1432/","0","","","","https://unityverseacademy.com/urun/lineer-cebir-linear-algebra-egitimi-ozel-ders-1432/","","Indexable",""
"https://unityverseacademy.com/uploads/p/cd/FOQfsSMU84Pt.jpg","0","","","","","","Indexable",""
"https://unityverseacademy.com/urun/profesyonel-mimari-render-ve-etkilesim-egitimi-online-24-saat-1613/","0","","","","https://unityverseacademy.com/urun/profesyonel-mimari-render-ve-etkilesim-egitimi-online-24-saat-1613/","","Indexable",""
"https://unityverseacademy.com/uploads/fm/3boyuntlu_modelleme_ve_animasyon3.jpg","0","","","","","","Indexable",""
"https://unityverseacademy.com/uploads/p/p/profesyonel-mimari-render-ve-etkilesim-egitimi-yuz-yuze-24-saat_1.jpg?v=1765798484","0","","","","","","Indexable",""
"https://unityverseacademy.com/urun/3ds-max-egitimi-10-saat-ozel-ders-1446/","0","","","","https://unityverseacademy.com/urun/3ds-max-egitimi-10-saat-ozel-ders-1446/","","Indexable",""
"https://unityverseacademy.com/public/tema10/js/fancybox/jquery.fancybox.js?v=5.4.94","0","","","","","","Indexable",""
"https://unityverseacademy.com/urun/2b-oyun-karakter-tasarimi-ve-animasyon-ozel-ders-20-saat-1251/","0","","","","https://unityverseacademy.com/urun/2b-oyun-karakter-tasarimi-ve-animasyon-ozel-ders-20-saat-1251/","","Indexable",""
"https://unityverseacademy.com/urun/cocuklar-icin-minecraft-ile-kodlama-egitimi-1689/","0","","","","https://unityverseacademy.com/urun/cocuklar-icin-minecraft-ile-kodlama-egitimi-1689/","","Indexable",""
"https://unityverseacademy.com/uploads/fm/2B-Oyun-Karakter-Tasarimi-ve-Animasyon-Hizlandirilmis-Egitimi_21.jpg","0","","","","","","Indexable",""
"https://unityverseacademy.com/urun/insan-kaynaklari-egitimi-ozel-ders-1437/","0","","","","https://unityverseacademy.com/urun/insan-kaynaklari-egitimi-ozel-ders-1437/","","Indexable",""
"https://unityverseacademy.com/uploads/fm/IMG_50892.jpg","0","","","","","","Indexable",""
"https://unityverseacademy.com/uploads/fm/Ekran_görüntüsü_2023-03-21_104838.png","0","","","","","","Indexable",""
"https://unityverseacademy.com/uploads/fm/ACP_Logo_Adobe_Certified_Professional_Adobe_Illustrator_digital_badge.png","0","","","","","","Indexable",""
"https://unityverseacademy.com/uploads/p/p/lumion-egitimi_1.jpg?v=1757507245","0","","","","","","Indexable",""
"https://unityverseacademy.com/uploads/fm/WhatsApp_Image_2022-08-10_at_11_30_54_(1).jpg","0","","","","","","Indexable",""
"https://unityverseacademy.com/uploads/p/p/almanca-egitimi-ozel-ders_1.jpg?v=1759325961","0","","","","","","Indexable",""
"https://unityverseacademy.com/urun/unity-ile-oyun-gelistirme-canli-online-egitimi-8-ay-1479/","0","","","","https://unityverseacademy.com/urun/unity-ile-oyun-gelistirme-canli-online-egitimi-8-ay-1479/","","Indexable",""
"https://unityverseacademy.com/uploads/fm/projegeliştirmeai232.png","0","","","","","","Indexable",""
"https://unityverseacademy.com/uploads/fm/IMG_50452.jpg","0","","","","","","Indexable",""
"https://unityverseacademy.com/uploads/fm/Unity_Certified_User_Prog_Logo3.png","0","","","","","","Indexable",""
"https://unityverseacademy.com/urun/proje-yonetimi-egitimi-1126/","0","","","","https://unityverseacademy.com/urun/proje-yonetimi-egitimi-1126/","","Indexable",""
"https://unityverseacademy.com/uploads/fm/WhatsApp_Image_2025-02-20_at_17_31_198.jpg","0","","","","","","Indexable",""
"https://unityverseacademy.com/uploads/fm/Microsoft®_Certified_Fundamentals1.png","0","","","","","","Indexable",""
"https://unityverseacademy.com/uploads/p/p/unity-ile-oyun-gelistirme-online-ozel-ders_1.jpeg?v=1747057605","0","","","","","","Indexable",""
"https://unityverseacademy.com/urun/yonetmenlik-ve-sinematografiye-giris-yuz-yuze-ozel-ders-1056/","0","","","","https://unityverseacademy.com/urun/yonetmenlik-ve-sinematografiye-giris-yuz-yuze-ozel-ders-1056/","","Indexable",""
"https://unityverseacademy.com/uploads/p/p/3ds-max-corona-ile-fotogercekci-mimari-gorsellestirmeegitimi-online_2.jpg?v=1765798392","0","","","","","","Indexable",""
"https://unityverseacademy.com/uploads/p/p/unreal-engine-ile-metaverse-gelistirme-yuz-yuze-egitim_1.jpg?v=1759587967","0","","","","","","Indexable",""
"https://unityverseacademy.com/uploads/fm/IMG_51231.jpg","0","","","","","","Indexable",""
"https://unityverseacademy.com/uploads/p/p/rhino-egitimi-40-saat-online_1.jpeg?v=1756551659","0","","","","","","Indexable",""
"https://unityverseacademy.com/uploads/p/p/autodesk-fusion-360-endustriyel-urun-tasarimi-uzmanligi-canli-online-ozel-ders_2.jpg?v=1762940154","0","","","","","","Indexable",""
"https://unityverseacademy.com/uploads/p/p/rhino-egitimi-24-saat-online-ozel-ders_1.jpeg?v=1756551156","0","","","","","","Indexable",""
"https://unityverseacademy.com/uploads/fm/Adobe_ACP_Adobe_Certified_Professional_Certificate_-_B5_150.jpg","0","","","","","","Indexable",""
"https://unityverseacademy.com/uploads/p/p/3ds-max-egitimi-10-saat-ozel-ders_1.jpg?v=1762865299","0","","","","","","Indexable",""
"https://unityverseacademy.com/uploads/p/p/sosyal-medya-ve-google-reklamciligi-yuz-yuze-egitimi_1.jpg?v=1761747539","0","","","","","","Indexable",""
"https://unityverseacademy.com/uploads/fm/ACP_Logo_Adobe_Certified_Professional_Adobe_Photoshop_digital_badge.png","0","","","","","","Indexable",""
"https://unityverseacademy.com/uploads/p/p/unity-ile-oyun-gelistirme-yuz-yuze-egitimi_2.jpeg?v=1753523081","0","","","","","","Indexable",""
"https://unityverseacademy.com/uploads/p/p/unreal-engine-ile-sanal-gerceklik-yuz-yuze-egitim_2.jpg?v=1759591008","0","","","","","","Indexable",""
"https://unityverseacademy.com/uploads/p/b/fatih-yilmazin-yazilim-yolculugu-ve-lufthansadaki-basarisi_1.webp?v=1779437179","0","","","","","","Indexable",""
"https://unityverseacademy.com/uploads/fm/Doç__Dr__Ali_Çivril_pdf_11.jpg","0","","","","","","Indexable",""
"https://unityverseacademy.com/blog-detay/3b-modelleme-egitimleri-zbrush-ileri-seviye-284/","0","","","","https://unityverseacademy.com/blog-detay/3b-modelleme-egitimleri-zbrush-ileri-seviye-284/","","Indexable",""
"https://unityverseacademy.com/uploads/fm/Kurucu_Eğitmen_Öğr__Gör__Nevin_Eryılmaz_pdf_22.jpg","0","","","","","","Indexable",""
"https://unityverseacademy.com/blog-detay/blender-egitimi-3d-modelleme-animasyon-ve-render-rehberi-280/","0","","","","https://unityverseacademy.com/blog-detay/blender-egitimi-3d-modelleme-animasyon-ve-render-rehberi-280/","","Indexable",""
"https://unityverseacademy.com/urun/excel-kursu-temelden-ileri-seviyeye-1122/","0","","","","https://unityverseacademy.com/urun/excel-kursu-temelden-ileri-seviyeye-1122/","","Indexable",""
"https://unityverseacademy.com/uploads/fm/dijital_oyun_geliştirme_(1)3.jpg","0","","","","","","Indexable",""
"https://unityverseacademy.com/blog-detay/3dsmax-kursu-294/","0","","","","https://unityverseacademy.com/blog-detay/3dsmax-kursu-294/","","Indexable",""
"https://unityverseacademy.com/uploads/p/o/CLDIvixRzArT.png?v=1731497148","0","","","","","","Indexable",""
"https://unityverseacademy.com/urun/2b-cizgi-film-ve-animasyon-yuz-yuze-egitimi-614/","0","","","","https://unityverseacademy.com/urun/2b-cizgi-film-ve-animasyon-yuz-yuze-egitimi-614/","","Indexable",""
"https://unityverseacademy.com/uploads/p/b/elif-arslanin-yazilim-gelistirici-olarak-ayakkabi-dunyasindaki-baslangici_2.webp?v=1779437223","0","","","","","","Indexable",""
"https://unityverseacademy.com/blog-detay/blender-egitimi-blender-profesyonel-kullanim-rehberi-308/","0","","","","https://unityverseacademy.com/blog-detay/blender-egitimi-blender-profesyonel-kullanim-rehberi-308/","","Indexable",""
"https://unityverseacademy.com/urun/3ds-max-egitimi-30-saat-ozel-ders-1128/","0","","","","https://unityverseacademy.com/urun/3ds-max-egitimi-30-saat-ozel-ders-1128/","","Indexable",""
"https://unityverseacademy.com/public/tema10/js/blog-detail-gallery.js?v=1.0.0","0","","","","","","Indexable",""
"https://unityverseacademy.com/urun/ayrik-matematik-discrete-mathematics-egitimi-ozel-ders-1431/","0","","","","https://unityverseacademy.com/urun/ayrik-matematik-discrete-mathematics-egitimi-ozel-ders-1431/","","Indexable",""
"https://unityverseacademy.com/uploads/p/p/microsoft-office-egitimi_1.jpg?v=1757933202","0","","","","","","Indexable",""
"https://unityverseacademy.com/urun/unity-ile-oyun-gelistirme-yuz-yuze-egitimi-1481/","0","","","","https://unityverseacademy.com/urun/unity-ile-oyun-gelistirme-yuz-yuze-egitimi-1481/","","Indexable",""
"https://unityverseacademy.com/uploads/p/p/unreal-engine-ile-oyun-gelistirme-ozel-ders-online-canli-egitim-100-saat_1.jpg?v=1757921756","0","","","","","","Indexable",""
"https://unityverseacademy.com/uploads/fm/IMG_5023.jpg","0","","","","","","Indexable",""
"https://unityverseacademy.com/uploads/fm/OYUN_ÖRNEK_SERTİFİKA3.jpg","0","","","","","","Indexable",""
"https://unityverseacademy.com/urun/autodesk-fusion-360-endustriyel-urun-tasarimi-uzmanligi-canli-online-ozel-ders-1368/","0","","","","https://unityverseacademy.com/urun/autodesk-fusion-360-endustriyel-urun-tasarimi-uzmanligi-canli-online-ozel-ders-1368/","","Indexable",""
"https://unityverseacademy.com/uploads/fm/Feyyaz_Ağırman_pdf_11.jpg","0","","","","","","Indexable",""
"https://unityverseacademy.com/urun/bilgisayarli-muhasebe-egitimi-10-saat-1125/","0","","","","https://unityverseacademy.com/urun/bilgisayarli-muhasebe-egitimi-10-saat-1125/","","Indexable",""
"https://unityverseacademy.com/uploads/p/p/cocuklar-icin-minecraft-ile-kodlama-egitimi_1.webp?v=1780424011","0","","","","","","Indexable",""
"https://unityverseacademy.com/uploads/p/p/revit-egitimi_1.jpg?v=1757507764","0","","","","","","Indexable",""
"https://unityverseacademy.com/urun/diferansiyel-denklemler-egitimi-ozel-ders-1434/","0","","","","https://unityverseacademy.com/urun/diferansiyel-denklemler-egitimi-ozel-ders-1434/","","Indexable",""
"https://unityverseacademy.com/uploads/p/p/excel-kursu-temelden-ileri-seviyeye_1.jpg?v=1757932029","0","","","","","","Indexable",""
"https://unityverseacademy.com/uploads/p/p/ic-mimarlik-ve-dekorasyon-egitimi_1.jpg?v=1757507465","0","","","","","","Indexable",""
"https://unityverseacademy.com/uploads/p/p/sosyal-medya-ve-google-reklamciligi-canli-online-egitimi_1.jpg?v=1699715495","0","","","","","","Indexable",""
"https://unityverseacademy.com/urun/unreal-engine-ile-oyun-gelistirme-ozel-ders-online-canli-egitim-100-saat-1303/","0","","","","https://unityverseacademy.com/urun/unreal-engine-ile-oyun-gelistirme-ozel-ders-online-canli-egitim-100-saat-1303/","","Indexable",""
"https://unityverseacademy.com/uploads/fm/IMG_504523.jpg","0","","","","","","Indexable",""
"https://unityverseacademy.com/urun/yonetmenlik-ve-sinematografiye-giris-canli-online-egitimi-585/","0","","","","https://unityverseacademy.com/urun/yonetmenlik-ve-sinematografiye-giris-canli-online-egitimi-585/","","Indexable",""
"https://unityverseacademy.com/uploads/p/p/film-ve-animasyon-icin-storyboard-yuz-yuze-egitimi-ozel-ders_1.jpg?v=1759586033","0","","","","","","Indexable",""
"https://unityverseacademy.com/urun/egitim-koclugu-ozel-ders-1439/","0","","","","https://unityverseacademy.com/urun/egitim-koclugu-ozel-ders-1439/","","Indexable",""
"https://unityverseacademy.com/uploads/p/p/cocuk-ve-gencler-icin-unity-ile-oyun-gelistirme-canli-online-egitimi_2.jpg?v=1759588466","0","","","","","","Indexable",""
"https://unityverseacademy.com/urun/grafik-tasarim-ve-video-efekt-uzmanligi-yuz-yuze-egitimi-1489/","0","","","","https://unityverseacademy.com/urun/grafik-tasarim-ve-video-efekt-uzmanligi-yuz-yuze-egitimi-1489/","","Indexable",""
"https://unityverseacademy.com/uploads/p/p/film-ve-animasyon-icin-storyboard-yuz-yuze-egitimi_1.jpg?v=1759588333","0","","","","","","Indexable",""
"https://unityverseacademy.com/uploads/fm/IMG_4921-min2.jpg","0","","","","","","Indexable",""
"https://unityverseacademy.com/uploads/fm/endüstriyell_modelleme114.jpg","0","","","","","","Indexable",""
"https://unityverseacademy.com/urun/36-saat-kapsamli-zbrush-modelleme-egitimi-yuz-yuze-1539/","0","","","","https://unityverseacademy.com/urun/36-saat-kapsamli-zbrush-modelleme-egitimi-yuz-yuze-1539/","","Indexable",""
"https://unityverseacademy.com/uploads/fm/2B_animasyon_01-1.png","0","","","","","","Indexable",""
"https://unityverseacademy.com/uploads/p/p/kurumsal-iletisim-egitimi-ozel-ders_1.jpg?v=1759325379","0","","","","","","Indexable",""
"https://unityverseacademy.com/urun/matematik-egitimi-ozel-ders-1428/","0","","","","https://unityverseacademy.com/urun/matematik-egitimi-ozel-ders-1428/","","Indexable",""
"https://unityverseacademy.com/blog-detay/maya-egitimi-285/","0","","","","https://unityverseacademy.com/blog-detay/maya-egitimi-285/","","Indexable",""
"https://unityverseacademy.com/uploads/fm/IMG_58715.jpg","0","","","","","","Indexable",""
"https://unityverseacademy.com/uploads/fm/Adobe_Certified_Professional_Program_Provider_badge.png","0","","","","","","Indexable",""
"https://unityverseacademy.com/urun/revit-egitimi-online-1129/","0","","","","https://unityverseacademy.com/urun/revit-egitimi-online-1129/","","Indexable",""
"https://unityverseacademy.com/uploads/p/p/excel-kursu-temelden-ileri-seviyeye-10-saat_2.jpg?v=1775131223","0","","","","","","Indexable",""
"https://unityverseacademy.com/sayfa/hakkimizda/25/","0","","","","https://unityverseacademy.com/sayfa/hakkimizda-25/","","Non-Indexable","Canonicalised"
"https://unityverseacademy.com/blog-detay/3ds-max-egitimi-uv-mapping-ve-kaplama-yonetimi-305/","0","","","","https://unityverseacademy.com/blog-detay/3ds-max-egitimi-uv-mapping-ve-kaplama-yonetimi-305/","","Indexable",""
"https://unityverseacademy.com/urun/profesyonel-mimari-render-ve-etkilesim-egitimi-yuz-yuze-24-saat-1612/","0","","","","https://unityverseacademy.com/urun/profesyonel-mimari-render-ve-etkilesim-egitimi-yuz-yuze-24-saat-1612/","","Indexable",""
"https://unityverseacademy.com/uploads/p/p/2b-cizgi-film-ve-animasyon-yuz-yuze-egitimi_2.jpg?v=1759405015","0","","","","","","Indexable",""
"https://unityverseacademy.com/urun/mimarlik-ic-mimarlik-icin-3d-tasarim-ve-gorsellestirme-egitimi-yuz-yuze-1504/","0","","","","https://unityverseacademy.com/urun/mimarlik-ic-mimarlik-icin-3d-tasarim-ve-gorsellestirme-egitimi-yuz-yuze-1504/","","Indexable",""
"https://unityverseacademy.com/uploads/p/p/ingilizce-egitimi-ozel-ders_1.jpg?v=1759326463","0","","","","","","Indexable",""
"https://unityverseacademy.com/urun/unreal-engine-ile-sanal-gerceklik-yuz-yuze-egitim-654/","0","","","","https://unityverseacademy.com/urun/unreal-engine-ile-sanal-gerceklik-yuz-yuze-egitim-654/","","Indexable",""
"https://unityverseacademy.com/urun/autocad-egitimi-ozel-ders-1300/","0","","","","https://unityverseacademy.com/urun/autocad-egitimi-ozel-ders-1300/","","Indexable",""
"https://unityverseacademy.com/urun/sosyal-medya-ve-google-reklamciligi-canli-online-egitimi-1072/","0","","","","https://unityverseacademy.com/urun/sosyal-medya-ve-google-reklamciligi-canli-online-egitimi-1072/","","Indexable",""
