"Address","Occurrences","H2-1","H2-1 Length","H2-2","H2-2 Length","Indexability","Indexability Status"
"https://unityverseacademy.com/urun/profesyonel-3b-modelleme-dijital-sanat-programi-online-1/","14","Profesyonel 3D Modelleme ve Dijital Sanat Uzmanlık Programı – 3D Generalist Yetiştirme (Online)","95","Profesyonel 3B Modelleme & Dijital Sanat Programı","49","Indexable",""
"https://unityverseacademy.com/urun/2b-cizgi-film-ve-animasyon-uzmanligi-canli-online-egitimi-565/","18","2B Çizgi Film ve Animasyon Uzmanlığı Eğitimi Eğitmen: Nevin Eryılmaz (CV için tıklayınız.) Nevin Eryılmaz, geleneksel ve dijital tasarım alanlarındaki 20 yılı aşkın sektör deneyimi yanı sıra, İstinye Üniversitesi'nde Bilgisayar Destekli Tasarım ve Animasyon önlisans ve Dijital Oyun Tasarımı lisans programlarının kurucusudur. Üniversitenin Dijital Oyun Tasarımı bölümündeki tasarım ve yazılım merkezli eğitim anlayışının öncüsü olmakla beraber, 2021 yılında aynı üniversitede Türkiye'nin ilk YÖK onaylı Dijital Oyun Araştırma Merkezi olan Dijital Oyun Geliştirme ve Animasyon Araştırma Uygulama Merkezi'ni kurmuştur ve iki sene boyunca Merkez Müdürü olarak görev almıştır. Merkez'de üniversitenin Animasyon ve Dijital Oyun Tasarımı programlarındaki öğrencilerin kendi oyunlarını geliştirerek oyun marketlerinde yayınlaması ve ticarileşmeleri desteklenmiştir. Eryılmaz'ın sektör ve akademi deneyimli kadrosunun etkisi ile, İstinye Üniversitesi Dijital Oyun Tasarımı bölümü iki senede Türkiye'nin ilk tercih edilen 3 üniversitesi arasına yerleşmiştir. Eryılmaz'ın Milli Eğitim Bakanlığı ve çeşitli dijital oyun şirketleri ortaklığında gerçekleşen proje ve çalışmaları devam etmektedir.","1184","Öğr. Gör. Nevin Eryılmaz'ın katıldığı programlardan bir kaçı:","61","Indexable",""
"https://unityverseacademy.com/urun/2b-oyun-karakter-tasarimi-ve-animasyon-canli-online-egitimi-553/","28","2B Oyun Karakter Tasarımı ve Animasyon Eğitimi Eğitmen: Nevin Eryılmaz (CV için tıklayınız.) Nevin Eryılmaz, geleneksel ve dijital tasarım alanlarındaki 20 yılı aşkın sektör deneyimi yanı sıra, İstinye Üniversitesi'nde Bilgisayar Destekli Tasarım ve Animasyon önlisans ve Dijital Oyun Tasarımı lisans programlarının kurucusudur. Üniversitenin Dijital Oyun Tasarımı bölümündeki tasarım ve yazılım merkezli eğitim anlayışının öncüsü olmakla beraber, 2021 yılında aynı üniversitede Türkiye'nin ilk YÖK onaylı Dijital Oyun Araştırma Merkezi olan Dijital Oyun Geliştirme ve Animasyon Araştırma Uygulama Merkezi'ni kurmuştur ve iki sene boyunca Merkez Müdürü olarak görev almıştır. Merkez'de üniversitenin Animasyon ve Dijital Oyun Tasarımı programlarındaki öğrencilerin kendi oyunlarını geliştirerek oyun marketlerinde yayınlaması ve ticarileşmeleri desteklenmiştir. Eryılmaz'ın sektör ve akademi deneyimli kadrosunun etkisi ile, İstinye Üniversitesi Dijital Oyun Tasarımı bölümü iki senede Türkiye'nin ilk tercih edilen 3 üniversitesi arasına yerleşmiştir. Eryılmaz'ın Milli Eğitim Bakanlığı ve çeşitli dijital oyun şirketleri ortaklığında gerçekleşen proje ve çalışmaları devam etmektedir.","1186","Öğr. Gör. Nevin Eryılmaz'ın katıldığı programlardan bir kaçı:","61","Indexable",""
"https://unityverseacademy.com/blog-detay/berkay-kurt-multiplayer-oyun-gelistiriciliginde-bir-yildiz-130/","3","Berkay Kurt: Multiplayer Oyun Geliştiriciliğinde Bir Yıldız LinkedIn hesabı için buraya tıklayınız.","99","Unityverse Academy Farkı","24","Indexable",""
"https://unityverseacademy.com/blog/","12","Dijital Oyun Tasarımı Bölümü, Bilgiyi Ticarileştirme Merkezi İş Birliğiyle LootJam Gerçekleştirdi","97","Aranan 3D Artist Olma: Yaratıcı Yeteneğinizi Zirveye Taşıyın","60","Indexable",""
"https://unityverseacademy.com/urun/grafik-tasarim-ve-video-efekt-uzmanligi-canli-online-egitimi-staj-garantili-564/","29","Grafik Tasarım Kursu & Video Efekt Uzmanlığı Online Eğitimi – Staj Garantili","76","","0","Indexable",""
"https://unityverseacademy.com/urun/grafik-tasarim-ve-video-efekt-uzmanligi-yuz-yuze-egitimi-staj-garantili-613/","29","Grafik Tasarım Kursu & Video Efekt Uzmanlığı Yüz Yüze Eğitimi – Staj Garantili","78","","0","Indexable",""
"https://unityverseacademy.com/urun/blender-3b-oyun-modelleme-canli-online-egitim-2/","21","Blender ile 3D Oyun Modelleme Kursu – Karakter, Prop ve Çevre Asset Geliştirme (Online Canlı)","93","Ne Öğreneceğim?","15","Indexable",""
"https://unityverseacademy.com/urun/yazilim-uzmanligi-yuz-yuze-egitimi-staj-garantili-669/","11","Full Stack Yazılım Uzmanlığı Yüz Yüze Kursu – Staj Garantili Sınıf Eğitimi","74","Unityverse Academy'de Ne Öğreneceğim?","37","Indexable",""
"https://unityverseacademy.com/urun/2026-python-bootcamp-sifirdan-python-canli-online-egitimi-8/","13","Python Bootcamp 2026 – Sıfırdan İleri Seviye Online Kursu (AI & Veri Bilimi)","76","Ne Öğreneceğim?","15","Indexable",""
"https://unityverseacademy.com/urun/adobe-photoshop-onlinecanli-egitim-779/","25","Adobe Photoshop ile Grafik Tasarım Kursu – Online Canlı Dijital Tasarım Eğitimi","79","","0","Indexable",""
"https://unityverseacademy.com/urun/mimarlik-ic-mimarlik-icin-3d-tasarim-ve-gorsellestirme-egitimi-online-1549/","6","Mimarlık & İç Mimarlık için 3D Tasarım ve Görselleştirme Eğitimi Online","71","Ne Öğreneceğim?","15","Indexable",""
"https://unityverseacademy.com/urun/microsoft-office-egitimi-10-saat-1639/","4","Öğrencilerimizin İlham Verici Başarı Hikayelerini Keşfedin https://unityverseacademy.com/blog/10","96","Eğitimimizden kareler:","22","Indexable",""
"https://unityverseacademy.com/urun/unreal-engine-ile-oyun-gelistirme-150-saatlik-kapsamli-blueprintmufredati-online-1028/","9","Unreal Engine 5 Blueprint ile Kodsuz Oyun Geliştirme – 150 Saatlik Online Kurs","78","Ne Öğreneceğim?","15","Indexable",""
"https://unityverseacademy.com/urun/flutter-ile-mobil-uygulama-gelistirme-canli-online-egitimi-557/","10","Flutter & Dart ile Cross-Platform Mobil Uygulama Geliştirme Online Kursu","72","Ne Öğreneceğim?","15","Indexable",""
"https://unityverseacademy.com/urun/zbrush-ile-kuyumculuk-ve-taki-tasarimi-egitimi-online-1536/","7","ZBrush ile 3D Kuyumculuk ve Takı Tasarımı Kursu – Dijital Mücevher Modelleme ve 3D Baskı Hazırlık (Online)","106","Goz Games Kurucu ortağıdır, sektörde 20 yılı aşkın süredir video kurgu, after effects, animasyon, 3D modelleme ve tasarım alanlarında çalışmaktadır. Ayrıca öğrenciler, Türkiye’nin saygın üniversitelerinin teknoparklarından ve Sanayi ve Teknoloji Bakanlığı’ndan onaylı Ar-Ge Projesi kapsamında dijital heykel ve karakter tasarımı proje ekibinde aktif olarak görev alır ve “ZBrush Proje Geliştirme Sertifikası” almaya hak kazanır. Eğitim sürecinde ZBrush yazılımı ile organik modelleme, karakter anatomisi, detaylandırma ve dijital heykel alanlarında ileri düzey teknik ve sanatsal beceriler geliştirirler. Oluşturdukları karakter ve yaratıcı konsept çalışmalarını ArtStation, CGSociety ve diğer uluslararası dijital sanat platformlarında sergileyerek, oyun, film ve dijital sanat endüstrilerinde profesyonel portföy oluştururlar ve kariyer fırsatlarında önemli bir avantaj elde ederler.","885","Indexable",""
"https://unityverseacademy.com/urun/film-ve-animasyon-icin-storyboard-canli-online-egitimi-551/","22","Film ve Animasyon için Storyboard Eğitimi","41","Eğitmen: Nevin Eryılmaz (CV için tıklayınız.) Nevin Eryılmaz, geleneksel ve dijital tasarım alanlarındaki 20 yılı aşkın sektör deneyimi yanı sıra, İstinye Üniversitesi'nde Bilgisayar Destekli Tasarım ve Animasyon önlisans ve Dijital Oyun Tasarımı lisans programlarının kurucusudur. Üniversitenin Dijital Oyun Tasarımı bölümündeki tasarım ve yazılım merkezli eğitim anlayışının öncüsü olmakla beraber, 2021 yılında aynı üniversitede Türkiye'nin ilk YÖK onaylı Dijital Oyun Araştırma Merkezi olan Dijital Oyun Geliştirme ve Animasyon Araştırma Uygulama Merkezi'ni kurmuştur ve iki sene boyunca Merkez Müdürü olarak görev almıştır. Merkez'de üniversitenin Animasyon ve Dijital Oyun Tasarımı programlarındaki öğrencilerin kendi oyunlarını geliştirerek oyun marketlerinde yayınlaması ve ticarileşmeleri desteklenmiştir. Eryılmaz'ın sektör ve akademi deneyimli kadrosunun etkisi ile, İstinye Üniversitesi Dijital Oyun Tasarımı bölümü iki senede Türkiye'nin ilk tercih edilen 3 üniversitesi arasına yerleşmiştir. Eryılmaz'ın Milli Eğitim Bakanlığı ve çeşitli dijital oyun şirketleri ortaklığında gerçekleşen proje ve çalışmaları devam etmektedir.","1139","Indexable",""
"https://unityverseacademy.com/urun/zbrush-ile-organik-modelleme-yuz-yuze-egitimi-590/","7","ZBrush ile Organik ve Karakter Modelleme Kursu – Dijital Sculpting, Anatomi ve Detaylandırma (Yüz Yüze)","103","Goz Games Kurucu ortağıdır, sektörde 20 yılı aşkın süredir video kurgu, after effects, animasyon, 3D modelleme ve tasarım alanlarında çalışmaktadır. Ayrıca öğrenciler, Türkiye’nin saygın üniversitelerinin teknoparklarından ve Sanayi ve Teknoloji Bakanlığı’ndan onaylı Ar-Ge Projesi kapsamında dijital heykel ve karakter tasarımı proje ekibinde aktif olarak görev alır ve “ZBrush Proje Geliştirme Sertifikası” almaya hak kazanır. Eğitim sürecinde ZBrush yazılımı ile organik modelleme, karakter anatomisi, detaylandırma ve dijital heykel alanlarında ileri düzey teknik ve sanatsal beceriler geliştirirler. Oluşturdukları karakter ve yaratıcı konsept çalışmalarını ArtStation, CGSociety ve diğer uluslararası dijital sanat platformlarında sergileyerek, oyun, film ve dijital sanat endüstrilerinde profesyonel portföy oluştururlar ve kariyer fırsatlarında önemli bir avantaj elde ederler.","885","Indexable",""
"https://unityverseacademy.com/urun/java-yazilim-egitimi-online-819/","11","Java Programlama Online Kursu – Sıfırdan İleri Seviye OOP & Spring Boot","71","Java Kursu | Ne Öğreneceğim","27","Indexable",""
"https://unityverseacademy.com/urun/zbrush-ile-organik-modelleme-canli-yuz-yuze-ozel-ders-1533/","6","ZBrush ile Organik Modelleme Birebir Yüz Yüze Özel Ders – Sculpting, Anatomi ve Retopoloji","90","Goz Games Kurucu ortağıdır, sektörde 20 yılı aşkın süredir video kurgu, after effects, animasyon, 3D modelleme ve tasarım alanlarında çalışmaktadır. Ayrıca öğrenciler, Türkiye’nin saygın üniversitelerinin teknoparklarından ve Sanayi ve Teknoloji Bakanlığı’ndan onaylı Ar-Ge Projesi kapsamında dijital heykel ve karakter tasarımı proje ekibinde aktif olarak görev alır ve “ZBrush Proje Geliştirme Sertifikası” almaya hak kazanır. Eğitim sürecinde ZBrush yazılımı ile organik modelleme, karakter anatomisi, detaylandırma ve dijital heykel alanlarında ileri düzey teknik ve sanatsal beceriler geliştirirler. Oluşturdukları karakter ve yaratıcı konsept çalışmalarını ArtStation, CGSociety ve diğer uluslararası dijital sanat platformlarında sergileyerek, oyun, film ve dijital sanat endüstrilerinde profesyonel portföy oluştururlar ve kariyer fırsatlarında önemli bir avantaj elde ederler.","885","Indexable",""
"https://unityverseacademy.com/blog-detay/zbrush-kursu-egitimi-296/","8","ZBrush Nedir? Organik Sculpting, Dijital Heykel ve Karakter Tasarımı Rehberi","76","ZBrush ile Neler Yapabilirsiniz?","32","Indexable",""
"https://unityverseacademy.com/urun/flutter-ile-mobil-uygulama-gelistirme-yuz-yuze-egitimi-606/","10","Flutter & Dart ile Cross-Platform Mobil Uygulama Geliştirme Yüz Yüze Kursu","74","Ne Öğreneceğim?","15","Indexable",""
"https://unityverseacademy.com/urun/adobe-photoshop-ve-adobe-illustrator-onlinecanli-egitim-1001/","26","Adobe Photoshop & Illustrator ile Grafik Tasarım Kursu – Online Canlı Eğitim","76","","0","Indexable",""
"https://unityverseacademy.com/urun/cocuklar-icin-unity-ile-oyun-gelistirme-canli-online-egitimi-1380/","15","Çocuklar İçin Unity ile Oyun Geliştirme ve Kodlama Online Kursu (7-17 Yaş)","74","Ne Öğreneceğim?","15","Indexable",""
"https://unityverseacademy.com/urun/36-saat-kapsamli-zbrush-modelleme-egitimi-online-1540/","7","ZBrush Kapsamlı Sculpting Uzmanlığı Kursu – 36 Saat Organik ve Hard Surface Modelleme (Online)","94","Goz Games Kurucu ortağıdır, sektörde 20 yılı aşkın süredir video kurgu, after effects, animasyon, 3D modelleme ve tasarım alanlarında çalışmaktadır. Ayrıca öğrenciler, Türkiye’nin saygın üniversitelerinin teknoparklarından ve Sanayi ve Teknoloji Bakanlığı’ndan onaylı Ar-Ge Projesi kapsamında dijital heykel ve karakter tasarımı proje ekibinde aktif olarak görev alır ve “ZBrush Proje Geliştirme Sertifikası” almaya hak kazanır. Eğitim sürecinde ZBrush yazılımı ile organik modelleme, karakter anatomisi, detaylandırma ve dijital heykel alanlarında ileri düzey teknik ve sanatsal beceriler geliştirirler. Oluşturdukları karakter ve yaratıcı konsept çalışmalarını ArtStation, CGSociety ve diğer uluslararası dijital sanat platformlarında sergileyerek, oyun, film ve dijital sanat endüstrilerinde profesyonel portföy oluştururlar ve kariyer fırsatlarında önemli bir avantaj elde ederler.","885","Indexable",""
"https://unityverseacademy.com/urun/unreal-engine-ile-oyun-gelistirme-150-saatlik-kapsamli-blueprintmufredati-yuz-yuze-egitim-1116/","9","Unreal Engine 5 Blueprint ile Kodsuz Oyun Geliştirme – 150 Saatlik Yüz Yüze Kurs","80","Ne Öğreneceğim?","15","Indexable",""
"https://unityverseacademy.com/urun/film-ve-animasyon-icin-storyboard-yuz-yuze-egitimi-ozel-ders-1287/","14","Eğitmen: Nevin Eryılmaz (CV için tıklayınız.) Nevin Eryılmaz, geleneksel ve dijital tasarım alanlarındaki 20 yılı aşkın sektör deneyimi yanı sıra, İstinye Üniversitesi'nde Bilgisayar Destekli Tasarım ve Animasyon önlisans ve Dijital Oyun Tasarımı lisans programlarının kurucusudur. Üniversitenin Dijital Oyun Tasarımı bölümündeki tasarım ve yazılım merkezli eğitim anlayışının öncüsü olmakla beraber, 2021 yılında aynı üniversitede Türkiye'nin ilk YÖK onaylı Dijital Oyun Araştırma Merkezi olan Dijital Oyun Geliştirme ve Animasyon Araştırma Uygulama Merkezi'ni kurmuştur ve iki sene boyunca Merkez Müdürü olarak görev almıştır. Merkez'de üniversitenin Animasyon ve Dijital Oyun Tasarımı programlarındaki öğrencilerin kendi oyunlarını geliştirerek oyun marketlerinde yayınlaması ve ticarileşmeleri desteklenmiştir. Eryılmaz'ın sektör ve akademi deneyimli kadrosunun etkisi ile, İstinye Üniversitesi Dijital Oyun Tasarımı bölümü iki senede Türkiye'nin ilk tercih edilen 3 üniversitesi arasına yerleşmiştir. Eryılmaz'ın Milli Eğitim Bakanlığı ve çeşitli dijital oyun şirketleri ortaklığında gerçekleşen proje ve çalışmaları devam etmektedir.","1139","3boyuntlu_modelleme_ve_animasyon2.jpg","37","Indexable",""
"https://unityverseacademy.com/blog-detay/substance-painter-egitimi-286/","7","Substance Painter İleri Seviye — PBR Texture, Smart Materials ve Üretim Pipeline Rehberi","88","Substance Painter ile Neler Yapabilirsiniz?","43","Indexable",""
"https://unityverseacademy.com/urun/zbrush-ile-kuyumculuk-ve-taki-tasarimi-egitimi-yuz-yuze-1535/","7","ZBrush ile 3D Kuyumculuk ve Takı Tasarımı Kursu – Dijital Mücevher ve 3D Baskı Prototipleme (Yüz Yüze)","102","Goz Games Kurucu ortağıdır, sektörde 20 yılı aşkın süredir video kurgu, after effects, animasyon, 3D modelleme ve tasarım alanlarında çalışmaktadır. Ayrıca öğrenciler, Türkiye’nin saygın üniversitelerinin teknoparklarından ve Sanayi ve Teknoloji Bakanlığı’ndan onaylı Ar-Ge Projesi kapsamında dijital heykel ve karakter tasarımı proje ekibinde aktif olarak görev alır ve “ZBrush Proje Geliştirme Sertifikası” almaya hak kazanır. Eğitim sürecinde ZBrush yazılımı ile organik modelleme, karakter anatomisi, detaylandırma ve dijital heykel alanlarında ileri düzey teknik ve sanatsal beceriler geliştirirler. Oluşturdukları karakter ve yaratıcı konsept çalışmalarını ArtStation, CGSociety ve diğer uluslararası dijital sanat platformlarında sergileyerek, oyun, film ve dijital sanat endüstrilerinde profesyonel portföy oluştururlar ve kariyer fırsatlarında önemli bir avantaj elde ederler.","885","Indexable",""
"https://unityverseacademy.com/urun/it-danismanlik-hizmeti-ozel-ders-1435/","1","Eğitim Koordinatörü: Prof. Dr. Çetin Kaya Koç (CV'ye erişmek için tıklayınız)","77","","0","Indexable",""
"https://unityverseacademy.com/urun/zbrush-ile-organik-modelleme-canli-online-ozel-ders-24-saat-1297/","7","Öğrencilerimizin İlham Verici Başarı Hikayelerini Keşfedin https://unityverseacademy.com/blog/10","96","ZBrush ile Organik Modelleme Eğitimi Eğitmen: Öğr. Gör. Deniz Erbaş (CV'ye erişmek için tıklayınız.) Marmara Üniversitesi Grafik Tasarım ve Yüksek Lisans Sinema TV Mezunu, İstanbul Aydın Üniversitesi Sinema TV bölümünde Doktora (PhD.) eğitimine devam etmektedir.","262","Indexable",""
"https://unityverseacademy.com/urun/zbrush-ile-organik-modelleme-canli-online-ozel-ders-1052/","6","ZBrush ile Organik Modelleme Birebir Online Özel Ders – Dijital Sculpting ve Karakter Tasarımı","94","Goz Games Kurucu ortağıdır, sektörde 20 yılı aşkın süredir video kurgu, after effects, animasyon, 3D modelleme ve tasarım alanlarında çalışmaktadır. Ayrıca öğrenciler, Türkiye’nin saygın üniversitelerinin teknoparklarından ve Sanayi ve Teknoloji Bakanlığı’ndan onaylı Ar-Ge Projesi kapsamında dijital heykel ve karakter tasarımı proje ekibinde aktif olarak görev alır ve “ZBrush Proje Geliştirme Sertifikası” almaya hak kazanır. Eğitim sürecinde ZBrush yazılımı ile organik modelleme, karakter anatomisi, detaylandırma ve dijital heykel alanlarında ileri düzey teknik ve sanatsal beceriler geliştirirler. Oluşturdukları karakter ve yaratıcı konsept çalışmalarını ArtStation, CGSociety ve diğer uluslararası dijital sanat platformlarında sergileyerek, oyun, film ve dijital sanat endüstrilerinde profesyonel portföy oluştururlar ve kariyer fırsatlarında önemli bir avantaj elde ederler.","885","Indexable",""
"https://unityverseacademy.com/urun/zbrush-ile-organik-modelleme-online-egitimi-1528/","7","ZBrush ile Organik ve Karakter Modelleme Kursu – Dijital Sculpting Teknikleri (Online Canlı)","92","Goz Games Kurucu ortağıdır, sektörde 20 yılı aşkın süredir video kurgu, after effects, animasyon, 3D modelleme ve tasarım alanlarında çalışmaktadır. Ayrıca öğrenciler, Türkiye’nin saygın üniversitelerinin teknoparklarından ve Sanayi ve Teknoloji Bakanlığı’ndan onaylı Ar-Ge Projesi kapsamında dijital heykel ve karakter tasarımı proje ekibinde aktif olarak görev alır ve “ZBrush Proje Geliştirme Sertifikası” almaya hak kazanır. Eğitim sürecinde ZBrush yazılımı ile organik modelleme, karakter anatomisi, detaylandırma ve dijital heykel alanlarında ileri düzey teknik ve sanatsal beceriler geliştirirler. Oluşturdukları karakter ve yaratıcı konsept çalışmalarını ArtStation, CGSociety ve diğer uluslararası dijital sanat platformlarında sergileyerek, oyun, film ve dijital sanat endüstrilerinde profesyonel portföy oluştururlar ve kariyer fırsatlarında önemli bir avantaj elde ederler.","885","Indexable",""
"https://unityverseacademy.com/urun/adobe-photoshop-ve-adobe-illustrator-yuz-yuze-egitimi-1002/","26","Adobe Photoshop & Illustrator ile Grafik Tasarım Kursu – Yüz Yüze Eğitim","72","","0","Indexable",""
"https://unityverseacademy.com/urun/film-ve-animasyon-icin-storyboard-yuz-yuze-egitimi-599/","20","Eğitmen: Nevin Eryılmaz (CV için tıklayınız.) Nevin Eryılmaz, geleneksel ve dijital tasarım alanlarındaki 20 yılı aşkın sektör deneyimi yanı sıra, İstinye Üniversitesi'nde Bilgisayar Destekli Tasarım ve Animasyon önlisans ve Dijital Oyun Tasarımı lisans programlarının kurucusudur. Üniversitenin Dijital Oyun Tasarımı bölümündeki tasarım ve yazılım merkezli eğitim anlayışının öncüsü olmakla beraber, 2021 yılında aynı üniversitede Türkiye'nin ilk YÖK onaylı Dijital Oyun Araştırma Merkezi olan Dijital Oyun Geliştirme ve Animasyon Araştırma Uygulama Merkezi'ni kurmuştur ve iki sene boyunca Merkez Müdürü olarak görev almıştır. Merkez'de üniversitenin Animasyon ve Dijital Oyun Tasarımı programlarındaki öğrencilerin kendi oyunlarını geliştirerek oyun marketlerinde yayınlaması ve ticarileşmeleri desteklenmiştir. Eryılmaz'ın sektör ve akademi deneyimli kadrosunun etkisi ile, İstinye Üniversitesi Dijital Oyun Tasarımı bölümü iki senede Türkiye'nin ilk tercih edilen 3 üniversitesi arasına yerleşmiştir. Eryılmaz'ın Milli Eğitim Bakanlığı ve çeşitli dijital oyun şirketleri ortaklığında gerçekleşen proje ve çalışmaları devam etmektedir.","1139","3boyuntlu_modelleme_ve_animasyon2.jpg","37","Indexable",""
"https://unityverseacademy.com/urun/adobe-photoshop-yuz-yuze-egitim-783/","25","Adobe Photoshop ile Grafik Tasarım Kursu – Yüz Yüze Fotoğraf & Tasarım Eğitimi","78","","0","Indexable",""
"https://unityverseacademy.com/urun/mimarlik-icin-3d-tasarim-ve-gorsellestirme-egitimi-online-120-saat-1578/","9","Mimarlık & İç Mimarlık için 3D Tasarım ve Görselleştirme Eğitimi Online","71","Ne Öğreneceğim?","15","Indexable",""
"https://unityverseacademy.com/urun/cocuklar-icin-minecraft-ile-kodlama-egitimi-1689/","7","Çocuklar İçin Minecraft Education ile Kodlama ve Programlama Kursu (8-14 Yaş)","77","Eğitimin Amacı","14","Indexable",""
"https://unityverseacademy.com/urun/unity-ile-oyun-gelistirme-canli-online-egitimi-8-ay-1479/","10","Öğrencilerimizin İlham Verici Başarı Hikayelerini Keşfedin https://unityverseacademy.com/blog/10","96","Unity ile Oyun Geliştirme Eğitimi","33","Indexable",""
"https://unityverseacademy.com/blog-detay/3b-modelleme-egitimleri-zbrush-ileri-seviye-284/","6","ZBrush İleri Seviye — Organik Sculpting, Detaylı Anatomi ve Dijital Heykel Rehberi","82","ZBrush ile Neler Yapabilirsiniz?","32","Indexable",""
"https://unityverseacademy.com/urun/2b-cizgi-film-ve-animasyon-yuz-yuze-egitimi-614/","18","2B Çizgi Film ve Animasyon Uzmanlığı Eğitimi Eğitmen: Nevin Eryılmaz (CV için tıklayınız.) Nevin Eryılmaz, geleneksel ve dijital tasarım alanlarındaki 20 yılı aşkın sektör deneyimi yanı sıra, İstinye Üniversitesi'nde Bilgisayar Destekli Tasarım ve Animasyon önlisans ve Dijital Oyun Tasarımı lisans programlarının kurucusudur. Üniversitenin Dijital Oyun Tasarımı bölümündeki tasarım ve yazılım merkezli eğitim anlayışının öncüsü olmakla beraber, 2021 yılında aynı üniversitede Türkiye'nin ilk YÖK onaylı Dijital Oyun Araştırma Merkezi olan Dijital Oyun Geliştirme ve Animasyon Araştırma Uygulama Merkezi'ni kurmuştur ve iki sene boyunca Merkez Müdürü olarak görev almıştır. Merkez'de üniversitenin Animasyon ve Dijital Oyun Tasarımı programlarındaki öğrencilerin kendi oyunlarını geliştirerek oyun marketlerinde yayınlaması ve ticarileşmeleri desteklenmiştir. Eryılmaz'ın sektör ve akademi deneyimli kadrosunun etkisi ile, İstinye Üniversitesi Dijital Oyun Tasarımı bölümü iki senede Türkiye'nin ilk tercih edilen 3 üniversitesi arasına yerleşmiştir. Eryılmaz'ın Milli Eğitim Bakanlığı ve çeşitli dijital oyun şirketleri ortaklığında gerçekleşen proje ve çalışmaları devam etmektedir.","1184","Öğr. Gör. Nevin Eryılmaz'ın katıldığı programlardan bir kaçı:","61","Indexable",""
"https://unityverseacademy.com/urun/grafik-tasarim-ve-video-efekt-uzmanligi-yuz-yuze-egitimi-1489/","29","Grafik Tasarım Kursu & Video Efekt Uzmanlığı – Yüz Yüze Uygulamalı Eğitim","73","","0","Indexable",""
"https://unityverseacademy.com/urun/36-saat-kapsamli-zbrush-modelleme-egitimi-yuz-yuze-1539/","7","ZBrush Kapsamlı Sculpting Uzmanlığı Kursu – 36 Saat Organik ve Hard Surface Modelleme (Yüz Yüze)","96","Goz Games Kurucu ortağıdır, sektörde 20 yılı aşkın süredir video kurgu, after effects, animasyon, 3D modelleme ve tasarım alanlarında çalışmaktadır. Ayrıca öğrenciler, Türkiye’nin saygın üniversitelerinin teknoparklarından ve Sanayi ve Teknoloji Bakanlığı’ndan onaylı Ar-Ge Projesi kapsamında dijital heykel ve karakter tasarımı proje ekibinde aktif olarak görev alır ve “ZBrush Proje Geliştirme Sertifikası” almaya hak kazanır. Eğitim sürecinde ZBrush yazılımı ile organik modelleme, karakter anatomisi, detaylandırma ve dijital heykel alanlarında ileri düzey teknik ve sanatsal beceriler geliştirirler. Oluşturdukları karakter ve yaratıcı konsept çalışmalarını ArtStation, CGSociety ve diğer uluslararası dijital sanat platformlarında sergileyerek, oyun, film ve dijital sanat endüstrilerinde profesyonel portföy oluştururlar ve kariyer fırsatlarında önemli bir avantaj elde ederler.","885","Indexable",""
"https://unityverseacademy.com/urun/mimarlik-ic-mimarlik-icin-3d-tasarim-ve-gorsellestirme-egitimi-yuz-yuze-1504/","6","Mimarlık & İç Mimarlık için 3D Tasarım ve Görselleştirme Eğitimi Online","71","Ne Öğreneceğim?","15","Indexable",""
