"Address","Occurrences","Meta Keywords 1","Meta Keywords 1 Length","Indexability","Indexability Status"
"https://unityverseacademy.com/kategori/animasyon-egitimleri-248/","1","","0","Indexable",""
"https://unityverseacademy.com/kategori/oyun-gelistirme-egitimleri-244/","1","","0","Indexable",""
"https://unityverseacademy.com/kategori/mimarlik-egitimleri-259/","1","","0","Indexable",""
"https://unityverseacademy.com/kategori/mimarlik-egitimleri-ozel-ders-274/","1","","0","Indexable",""
"https://unityverseacademy.com/kategori/dijital-pazarlama-egitimleri-255/","1","","0","Indexable",""
"https://unityverseacademy.com/kategori/ozel-dersler-256/","1","","0","Indexable",""
"https://unityverseacademy.com/kategori/muhasebe-ve-ofis-egitimleri-258/","1","","0","Indexable",""
"https://unityverseacademy.com/kategori/3d-modelleme-ozel-ders-273/","1","","0","Indexable",""
"https://unityverseacademy.com/kategori/endustriyel-urun-tasarim-egitimleri-253/","1","","0","Indexable",""
"https://unityverseacademy.com/kategori/ses-tasarim-egitimleri-251/","1","","0","Indexable",""
"https://unityverseacademy.com/kategori/yazilim-egitimleri-ozel-ders-268/","1","","0","Indexable",""
"https://unityverseacademy.com/kategori/grafik-tasarim-ozel-ders-269/","1","","0","Indexable",""
"https://unityverseacademy.com/kategori/dil-egitimleri-257/","1","","0","Indexable",""
"https://unityverseacademy.com/kategori/matematik-ozel-ders-267/","1","","0","Indexable",""
"https://unityverseacademy.com/kategori/oyun-gelistirme-ozel-ders-272/","1","","0","Indexable",""
"https://unityverseacademy.com/kategori/senaryo-sinema-ve-yonetmenlik-egitimleri-252/","1","","0","Indexable",""
"https://unityverseacademy.com/kategori/staj-garantili-egitimler-266/","1","","0","Indexable",""
"https://unityverseacademy.com/urun/autodesk-fusion-360-endustriyel-urun-tasarimi-uzmanligi-yuz-yuze-ozel-ders-20-saat-1591/","1","","0","Indexable",""
"https://unityverseacademy.com/urun/mimarlik-ic-mimarlik-icin-3d-tasarim-ve-gorsellestirme-egitimi-online-1549/","1","","0","Indexable",""
"https://unityverseacademy.com/urun/fen-bilimleri-egitimi-ozel-ders-1430/","1","","0","Indexable",""
"https://unityverseacademy.com/urun/3ds-max-corona-ile-fotogercekci-mimari-gorsellestirmeegitimi-online-1614/","1","","0","Indexable",""
"https://unityverseacademy.com/urun/microsoft-office-egitimi-10-saat-1639/","1","","0","Indexable",""
"https://unityverseacademy.com/urun/mimarlik-ic-mimarlik-icin-3d-tasarim-ve-gorsellestirme-egitimi-yuz-yuze-120-saat-1577/","1","","0","Indexable",""
"https://unityverseacademy.com/urun/2b-oyun-karakter-tasarimi-ve-animasyon-ozel-ders-1250/","1","","0","Indexable",""
"https://unityverseacademy.com/urun/excel-kursu-temelden-ileri-seviyeye-10-saat-1662/","1","","0","Indexable",""
"https://unityverseacademy.com/urun/rhino-egitimi-40-saat-online-1507/","1","","0","Indexable",""
"https://unityverseacademy.com/urun/almanca-egitimi-ozel-ders-1440/","1","","0","Indexable",""
"https://unityverseacademy.com/urun/autocad-elektrik-tesisat-projeleri-egitimi-yapi-denetim-odakli-1637/","1","","0","Indexable",""
"https://unityverseacademy.com/urun/gelismis-autocad-elektrik-projeciligi-egitimi-yapi-denetim-odakli-uygulamali-1635/","1","","0","Indexable",""
"https://unityverseacademy.com/urun/ispanyolca-egitimi-ozel-ders-1441/","1","","0","Indexable",""
"https://unityverseacademy.com/urun/fizik-egitimi-ozel-ders-1429/","1","","0","Indexable",""
"https://unityverseacademy.com/urun/ingilizce-egitimi-ozel-ders-1442/","1","","0","Indexable",""
"https://unityverseacademy.com/urun/it-danismanlik-hizmeti-ozel-ders-1435/","1","","0","Indexable",""
"https://unityverseacademy.com/urun/zbrush-ile-organik-modelleme-canli-online-ozel-ders-24-saat-1297/","1","","0","Indexable",""
"https://unityverseacademy.com/urun/3ds-max-corona-ile-fotogercekci-mimari-gorsellestirmeegitimi-yuz-yuze-1615/","1","","0","Indexable",""
"https://unityverseacademy.com/urun/veri-yapilari-egitimi-ozel-ders-1433/","1","","0","Indexable",""
"https://unityverseacademy.com/urun/mimarlik-ic-mimarlik-icin-3d-tasarim-ve-gorsellestirme-egitimi-yuz-yuze-100-saat-1592/","1","","0","Indexable",""
"https://unityverseacademy.com/urun/kurumsal-iletisim-egitimi-ozel-ders-1436/","1","","0","Indexable",""
"https://unityverseacademy.com/urun/turkce-egitimi-ozel-ders-1438/","1","","0","Indexable",""
"https://unityverseacademy.com/urun/dijital-pazarlama-pazar-yeri-ve-e-ticaret-yoneticiligi-egitimi-25-saat-ozel-ders-1298/","1","","0","Indexable",""
"https://unityverseacademy.com/urun/mimarlik-icin-3d-tasarim-ve-gorsellestirme-egitimi-online-120-saat-1578/","1","","0","Indexable",""
"https://unityverseacademy.com/urun/lineer-cebir-linear-algebra-egitimi-ozel-ders-1432/","1","","0","Indexable",""
"https://unityverseacademy.com/urun/profesyonel-mimari-render-ve-etkilesim-egitimi-online-24-saat-1613/","1","","0","Indexable",""
"https://unityverseacademy.com/urun/2b-oyun-karakter-tasarimi-ve-animasyon-ozel-ders-20-saat-1251/","1","","0","Indexable",""
"https://unityverseacademy.com/urun/insan-kaynaklari-egitimi-ozel-ders-1437/","1","","0","Indexable",""
"https://unityverseacademy.com/urun/unity-ile-oyun-gelistirme-canli-online-egitimi-8-ay-1479/","1","","0","Indexable",""
"https://unityverseacademy.com/urun/ayrik-matematik-discrete-mathematics-egitimi-ozel-ders-1431/","1","","0","Indexable",""
"https://unityverseacademy.com/urun/autodesk-fusion-360-endustriyel-urun-tasarimi-uzmanligi-canli-online-ozel-ders-1368/","1","","0","Indexable",""
"https://unityverseacademy.com/urun/diferansiyel-denklemler-egitimi-ozel-ders-1434/","1","","0","Indexable",""
"https://unityverseacademy.com/urun/egitim-koclugu-ozel-ders-1439/","1","","0","Indexable",""
"https://unityverseacademy.com/urun/matematik-egitimi-ozel-ders-1428/","1","","0","Indexable",""
"https://unityverseacademy.com/urun/profesyonel-mimari-render-ve-etkilesim-egitimi-yuz-yuze-24-saat-1612/","1","","0","Indexable",""
"https://unityverseacademy.com/urun/mimarlik-ic-mimarlik-icin-3d-tasarim-ve-gorsellestirme-egitimi-yuz-yuze-1504/","1","","0","Indexable",""
"https://unityverseacademy.com/urun/autocad-egitimi-ozel-ders-1300/","1","","0","Indexable",""
