title,slug,productid,missing_tab_dataids,url
2024 Python Bootcamp : Sıfırdan Python Yüz Yüze Eğitimi 3 ay,2024-python-bootcamp-sifirdan-python-yuz-yuze-egitimi-3-ay-1284,1284,Ders İçerikleri: 666,/urun/2024-python-bootcamp-sifirdan-python-yuz-yuze-egitimi-3-ay-1284/
2026 Python Bootcamp : Sıfırdan Python Canlı (Online) Eğitimi 30 SAAT,2026-python-bootcamp-sifirdan-python-canli-online-egitimi-30-saat-1295,1295,Ders İçerikleri: 644,/urun/2026-python-bootcamp-sifirdan-python-canli-online-egitimi-30-saat-1295/
2B Çizgi Film ve Animasyon Uzmanlığı Canlı (Online) Eğitimi 2 ay,2b-cizgi-film-ve-animasyon-uzmanligi-canli-online-egitimi-2-ay-1365,1365,Ders İçeriği: 113; Detaylı Müfredat: 625,/urun/2b-cizgi-film-ve-animasyon-uzmanligi-canli-online-egitimi-2-ay-1365/
2B Çizgi Film ve Animasyon Yüz Yüze Eğitimi 2 ay,2b-cizgi-film-ve-animasyon-yuz-yuze-egitimi-2-ay-1367,1367,Ders İçeriği: 635; Detaylı Müfredat: 636,/urun/2b-cizgi-film-ve-animasyon-yuz-yuze-egitimi-2-ay-1367/
2B Oyun Karakter Tasarımı ve Animasyon Canlı (Online) Eğitimi 2 ay,2b-oyun-karakter-tasarimi-ve-animasyon-canli-online-egitimi-2-ay-1364,1364,Ders İçeriği: 639; Detaylı Müfredat: 643,/urun/2b-oyun-karakter-tasarimi-ve-animasyon-canli-online-egitimi-2-ay-1364/
3 Aylık Yapay Zeka Destekli Grafik Tasarım ve Video Kurgu Eğitimi (Online) 3 Ay,3-aylik-yapay-zeka-destekli-grafik-tasarim-ve-video-kurgu-egitimi-online-3-ay-1687,1687,DERS İÇERİKLERİ: 1913,/urun/3-aylik-yapay-zeka-destekli-grafik-tasarim-ve-video-kurgu-egitimi-online-3-ay-1687/
3 Aylık Yapay Zeka Destekli Grafik Tasarım ve Video Kurgu Eğitimi (Yüz Yüze) 3 Ay,3-aylik-yapay-zeka-destekli-grafik-tasarim-ve-video-kurgu-egitimi-yuz-yuze-3-ay-1685,1685,DERS İÇERİKLERİ: 1908,/urun/3-aylik-yapay-zeka-destekli-grafik-tasarim-ve-video-kurgu-egitimi-yuz-yuze-3-ay-1685/
3 Aylık Yapay Zeka Destekli Yazılım ve Proje Geliştirme Eğitimi (Online) 3 Ay,3-aylik-yapay-zeka-destekli-yazilim-ve-proje-gelistirme-egitimi-online-3-ay-1679,1679,DERS İÇERİKLERİ: 1893,/urun/3-aylik-yapay-zeka-destekli-yazilim-ve-proje-gelistirme-egitimi-online-3-ay-1679/
36 Saat Kapsamlı ZBrush Modelleme Eğitimi (Online) 36 SAAT,36-saat-kapsamli-zbrush-modelleme-egitimi-online-36-saat-1572,1572,Ders İçerikleri: 161,/urun/36-saat-kapsamli-zbrush-modelleme-egitimi-online-36-saat-1572/
36 Saat Kapsamlı ZBrush Modelleme Eğitimi Yüz Yüze 36 SAAT,36-saat-kapsamli-zbrush-modelleme-egitimi-yuz-yuze-36-saat-1571,1571,Ders İçerikleri: 1568; Detaylı Müfredat: 1557,/urun/36-saat-kapsamli-zbrush-modelleme-egitimi-yuz-yuze-36-saat-1571/
3DS MAX Canlı (Online) Eğitimi 50 SAAT,3ds-max-canli-online-egitimi-50-saat-1579,1579,Ders İçerikleri: 117,/urun/3ds-max-canli-online-egitimi-50-saat-1579/
3ds Max + Corona ile Fotogerçekçi Mimari Görselleştirme Eğitimi Online 50 SAAT,3ds-max-corona-ile-fotogercekci-mimari-gorsellestirmeegitimi-online-50-saat-1652,1652,Ders İçerikleri: 1790,/urun/3ds-max-corona-ile-fotogercekci-mimari-gorsellestirmeegitimi-online-50-saat-1652/
3ds Max + Corona ile Fotogerçekçi Mimari Görselleştirme Eğitimi Yüz Yüze 50 SAAT,3ds-max-corona-ile-fotogercekci-mimari-gorsellestirmeegitimi-yuz-yuze-50-saat-1651,1651,Ders İçerikleri: 1784,/urun/3ds-max-corona-ile-fotogercekci-mimari-gorsellestirmeegitimi-yuz-yuze-50-saat-1651/
3DS MAX Yüz Yüze Eğitimi 2 ay,3ds-max-yuz-yuze-egitimi-2-ay-1370,1370,Ders İçerikleri: 966,/urun/3ds-max-yuz-yuze-egitimi-2-ay-1370/
Adobe Illustrator Online(Canlı) Özel Ders 12 SAAT,adobe-illustrator-onlinecanli-ozel-ders-12-saat-1389,1389,Ders İçerikleri: 596; Detaylı Müfredat: 597,/urun/adobe-illustrator-onlinecanli-ozel-ders-12-saat-1389/
Adobe Illustrator Online(Canlı) Özel Ders 24 SAAT,adobe-illustrator-onlinecanli-ozel-ders-24-saat-1390,1390,Ders İçerikleri: 596; Detaylı Müfredat: 597,/urun/adobe-illustrator-onlinecanli-ozel-ders-24-saat-1390/
Adobe Illustrator Online(Canlı) Özel Ders 48 SAAT,adobe-illustrator-onlinecanli-ozel-ders-48-saat-1391,1391,Ders İçerikleri: 596; Detaylı Müfredat: 597,/urun/adobe-illustrator-onlinecanli-ozel-ders-48-saat-1391/
Adobe Illustrator Online(Canlı) Özel Ders 6 SAAT,adobe-illustrator-onlinecanli-ozel-ders-6-saat-1392,1392,Ders İçerikleri: 596; Detaylı Müfredat: 597,/urun/adobe-illustrator-onlinecanli-ozel-ders-6-saat-1392/
Adobe Photoshop Online(Canlı) Eğitim 1 ay,adobe-photoshop-onlinecanli-egitim-1-ay-1191,1191,Ders İçerikleri: 551; Detaylı Müfredat: 606,/urun/adobe-photoshop-onlinecanli-egitim-1-ay-1191/
Adobe Photoshop ve Adobe Illustrator Online(Canlı) Eğitim 2 ay,adobe-photoshop-ve-adobe-illustrator-onlinecanli-egitim-2-ay-1239,1239,Ders İçerikleri: 584; Detaylı Müfredat: 588,/urun/adobe-photoshop-ve-adobe-illustrator-onlinecanli-egitim-2-ay-1239/
Adobe Photoshop ve Adobe Illustrator Yüz Yüze Eğitimi 2 ay,adobe-photoshop-ve-adobe-illustrator-yuz-yuze-egitimi-2-ay-1240,1240,Ders İçerikleri: 581; Detaylı Müfredat: 587,/urun/adobe-photoshop-ve-adobe-illustrator-yuz-yuze-egitimi-2-ay-1240/
Adobe Photoshop Yüz Yüze Eğitim 1 ay,adobe-photoshop-yuz-yuze-egitim-1-ay-1192,1192,Ders İçerikleri: 552; Detaylı Müfredat: 607,/urun/adobe-photoshop-yuz-yuze-egitim-1-ay-1192/
Adobe Premiere Pro ile Video Kurgu Özel Ders Yüz yüze 16 SAAT,adobe-premiere-pro-ile-video-kurgu-ozel-ders-yuz-yuze-16-saat-1401,1401,Detaylı Müfredat: 1493,/urun/adobe-premiere-pro-ile-video-kurgu-ozel-ders-yuz-yuze-16-saat-1401/
Adobe Premiere Pro ile Video Kurgu Özel Ders Yüz yüze - 20 SAAT,adobe-premiere-pro-ile-video-kurgu-ozel-ders-yuz-yuze-20-saat-1605,1605,Detaylı Müfredat: 1758,/urun/adobe-premiere-pro-ile-video-kurgu-ozel-ders-yuz-yuze-20-saat-1605/
Adobe Premiere Pro ile Video Kurgu Özel Ders Yüz yüze 8 SAAT,adobe-premiere-pro-ile-video-kurgu-ozel-ders-yuz-yuze-8-saat-1400,1400,Detaylı Müfredat: 1493,/urun/adobe-premiere-pro-ile-video-kurgu-ozel-ders-yuz-yuze-8-saat-1400/
After Effects ile Dijital Prodüksiyon ve Kurgu Uzmanlığı Canlı (Online) Eğitim 3 ay,after-effects-ile-dijital-produksiyon-ve-kurgu-uzmanligi-canli-online-egitim-3-ay-1193,1193,Ders İçerikleri: 53,/urun/after-effects-ile-dijital-produksiyon-ve-kurgu-uzmanligi-canli-online-egitim-3-ay-1193/
After Effects ve Premiere Pro ile Video Kurgu Eğitimi,after-effects-ve-premiere-pro-ile-video-kurgu-egitimi-592,592,Ders İçerikleri: 663,/urun/after-effects-ve-premiere-pro-ile-video-kurgu-egitimi-592/
Aranan 3D Artist Olma Yüz Yüze Kampı 6 ay,aranan-3d-artist-olma-yuz-yuze-kampi-6-ay-1199,1199,Ders İçerikleri: 1041,/urun/aranan-3d-artist-olma-yuz-yuze-kampi-6-ay-1199/
Aranan Programcı Olma Canlı (Online) Kamp Kursu 10 ay (Staj Garantili),aranan-programci-olma-canli-online-kamp-kursu-10-ay-staj-garantili-1159,1159,Ders İçerikleri: 89,/urun/aranan-programci-olma-canli-online-kamp-kursu-10-ay-staj-garantili-1159/
Aranan Programcı Olma Kampı Online Kursu 4 ay,aranan-programci-olma-kampi-online-kursu-4-ay-1502,1502,DERS İÇERİKLERİ: 1306,/urun/aranan-programci-olma-kampi-online-kursu-4-ay-1502/
Aranan Programcı Olma Kampı Online Kursu 8 ay,aranan-programci-olma-kampi-online-kursu-8-ay-1503,1503,DERS İÇERİKLERİ: 1306,/urun/aranan-programci-olma-kampi-online-kursu-8-ay-1503/
Aranan Programcı Olma Kampı Yüz Yüze Kursu 10 ay (Staj Garantili),aranan-programci-olma-kampi-yuz-yuze-kursu-10-ay-staj-garantili-1353,1353,Ders İçerikleri: 553,/urun/aranan-programci-olma-kampi-yuz-yuze-kursu-10-ay-staj-garantili-1353/
Aranan Programcı Olma Kampı Yüz Yüze Kursu 4 ay,aranan-programci-olma-kampi-yuz-yuze-kursu-4-ay-1500,1500,DERS İÇERİKLERİ: 1300,/urun/aranan-programci-olma-kampi-yuz-yuze-kursu-4-ay-1500/
Aranan Programcı Olma Kampı Yüz Yüze Kursu 8 ay,aranan-programci-olma-kampi-yuz-yuze-kursu-8-ay-1499,1499,Ders İçerikleri: 1520; DERS İÇERİKLERİ: 1300,/urun/aranan-programci-olma-kampi-yuz-yuze-kursu-8-ay-1499/
AutoCAD Eğitimi 24 Saat,autocad-egitimi-24-saat-1127,1127,Ders İçerikleri: 1649,/urun/autocad-egitimi-24-saat-1127/
AutoCAD Eğitimi Özel Ders 10 SAAT,autocad-egitimi-ozel-ders-10-saat-1631,1631,Ders İçerikleri: 1648,/urun/autocad-egitimi-ozel-ders-10-saat-1631/
AutoCAD Eğitimi Özel Ders 20 SAAT,autocad-egitimi-ozel-ders-20-saat-1632,1632,Ders İçerikleri: 1648,/urun/autocad-egitimi-ozel-ders-20-saat-1632/
AutoCAD Elektrik Tesisat Projeleri Eğitimi (Yapı Denetim Odaklı) 10 SAAT,autocad-elektrik-tesisat-projeleri-egitimi-yapi-denetim-odakli-10-saat-1638,1638,Ders İçerikleri: 1834,/urun/autocad-elektrik-tesisat-projeleri-egitimi-yapi-denetim-odakli-10-saat-1638/
Autodesk Fusion 360 Endüstriyel Ürün Tasarımı Uzmanlığı Canlı (Online) Eğitimi 2 ay,autodesk-fusion-360-endustriyel-urun-tasarimi-uzmanligi-canli-online-egitimi-2-ay-1224,1224,Ders İçerikleri: 125,/urun/autodesk-fusion-360-endustriyel-urun-tasarimi-uzmanligi-canli-online-egitimi-2-ay-1224/
Autodesk Fusion 360 Endüstriyel Ürün Tasarımı Uzmanlığı Canlı (Online) Özel Ders 20 SAAT,autodesk-fusion-360-endustriyel-urun-tasarimi-uzmanligi-canli-online-ozel-ders-20-saat-1659,1659,DERS İÇERİKLERİ: 1201,/urun/autodesk-fusion-360-endustriyel-urun-tasarimi-uzmanligi-canli-online-ozel-ders-20-saat-1659/
Autodesk Fusion 360 Endüstriyel Ürün Tasarımı Uzmanlığı Canlı (Online) Özel Ders 30 SAAT,autodesk-fusion-360-endustriyel-urun-tasarimi-uzmanligi-canli-online-ozel-ders-30-saat-1660,1660,DERS İÇERİKLERİ: 1201,/urun/autodesk-fusion-360-endustriyel-urun-tasarimi-uzmanligi-canli-online-ozel-ders-30-saat-1660/
Autodesk Fusion 360 Endüstriyel Ürün Tasarımı Uzmanlığı Canlı (Online) Özel Ders 40 SAAT,autodesk-fusion-360-endustriyel-urun-tasarimi-uzmanligi-canli-online-ozel-ders-40-saat-1661,1661,DERS İÇERİKLERİ: 1201,/urun/autodesk-fusion-360-endustriyel-urun-tasarimi-uzmanligi-canli-online-ozel-ders-40-saat-1661/
Autodesk Fusion 360 Endüstriyel Ürün Tasarımı Yüz Yüze Eğitimi 2 ay,autodesk-fusion-360-endustriyel-urun-tasarimi-yuz-yuze-egitimi-2-ay-1222,1222,Ders İçerikleri: 266,/urun/autodesk-fusion-360-endustriyel-urun-tasarimi-yuz-yuze-egitimi-2-ay-1222/
Autodesk Fusion 360 Endüstriyel Ürün Tasarımı Yüz Yüze Özel Ders 20 SAAT,autodesk-fusion-360-endustriyel-urun-tasarimi-yuz-yuze-ozel-ders-20-saat-1363,1363,Ders İçerikleri: 744,/urun/autodesk-fusion-360-endustriyel-urun-tasarimi-yuz-yuze-ozel-ders-20-saat-1363/
Back-End Development Online(Canlı) Eğitimi 4 ay,back-end-development-onlinecanli-egitimi-4-ay-1214,1214,Ders İçerikleri: 480,/urun/back-end-development-onlinecanli-egitimi-4-ay-1214/
Back-End Development Yüz Yüze Eğitimi 4 ay,back-end-development-yuz-yuze-egitimi-4-ay-1215,1215,Ders İçerikleri: 630,/urun/back-end-development-yuz-yuze-egitimi-4-ay-1215/
Blender 3B Oyun Modelleme Canlı (Online) Eğitim 2 ay,blender-3b-oyun-modelleme-canli-online-egitim-2-ay-1227,1227,Ders İçerikleri: 653,/urun/blender-3b-oyun-modelleme-canli-online-egitim-2-ay-1227/
Blender ile 3D Modelleme (Online) Özel Ders 20 SAAT,blender-ile-3d-modelleme-online-ozel-ders-20-saat-1633,1633,Ders İçerikleri: 1067,/urun/blender-ile-3d-modelleme-online-ozel-ders-20-saat-1633/
Blender ile 3D Modelleme (Online) Özel Ders 30 SAAT,blender-ile-3d-modelleme-online-ozel-ders-30-saat-1634,1634,Ders İçerikleri: 1067,/urun/blender-ile-3d-modelleme-online-ozel-ders-30-saat-1634/
Blender ile 3D Modelleme ve Animasyon Eğitimi Online 2 ay,blender-ile-3d-modelleme-ve-animasyon-egitimi-online-2-ay-1595,1595,Ders İçerikleri: 1744,/urun/blender-ile-3d-modelleme-ve-animasyon-egitimi-online-2-ay-1595/
Blender ile 3D Modelleme Yüz Yüze Eğitim 2 ay,blender-ile-3d-modelleme-yuz-yuze-egitim-2-ay-1444,1444,Ders İçerikleri: 166,/urun/blender-ile-3d-modelleme-yuz-yuze-egitim-2-ay-1444/
Blender ve Marvelous Designer Online(Canlı) Eğitimi 2 ay,blender-ve-marvelous-designer-onlinecanli-egitimi-2-ay-1371,1371,Ders İçerikleri: 750,/urun/blender-ve-marvelous-designer-onlinecanli-egitimi-2-ay-1371/
C# Programlama Canlı (Online) Eğitimi 2 ay,c-programlama-canli-online-egitimi-2-ay-1630,1630,Ders İçerikleri: 65,/urun/c-programlama-canli-online-egitimi-2-ay-1630/
C# Programlama Yüz Yüze Eğitimi 2 ay,c-programlama-yuz-yuze-egitimi-2-ay-1629,1629,Ders İçerikleri: 381,/urun/c-programlama-yuz-yuze-egitimi-2-ay-1629/
C# Programlama Yüz Yüze Eğitimi,c-programlama-yuz-yuze-egitimi,596,Ders İçerikleri: 381,/urun/c-programlama-yuz-yuze-egitimi/
Çocuk ve Gençler İçin Unity ile Oyun Geliştirme Canlı (Online) Eğitimi 8 ay,cocuk-ve-gencler-icin-unity-ile-oyun-gelistirme-canli-online-egitimi-8-ay-1382,1382,Ders İçerikleri: 1359,/urun/cocuk-ve-gencler-icin-unity-ile-oyun-gelistirme-canli-online-egitimi-8-ay-1382/
Çocuk ve Gençler İçin Unity ile Oyun Geliştirme Özel Ders 16 Saat,cocuk-ve-gencler-icin-unity-ile-oyun-gelistirme-ozel-ders-16-saat-1601,1601,Ders İçerikleri: 1751,/urun/cocuk-ve-gencler-icin-unity-ile-oyun-gelistirme-ozel-ders-16-saat-1601/
Çocuk ve Gençler İçin Unity ile Oyun Geliştirme Özel Ders 32 Saat,cocuk-ve-gencler-icin-unity-ile-oyun-gelistirme-ozel-ders-32-saat-1602,1602,Ders İçerikleri: 1751,/urun/cocuk-ve-gencler-icin-unity-ile-oyun-gelistirme-ozel-ders-32-saat-1602/
Çocuk ve Gençler İçin Unity ile Oyun Geliştirme Özel Ders 8 Saat,cocuk-ve-gencler-icin-unity-ile-oyun-gelistirme-ozel-ders-8-saat-1600,1600,Ders İçerikleri: 1751,/urun/cocuk-ve-gencler-icin-unity-ile-oyun-gelistirme-ozel-ders-8-saat-1600/
Çocuk ve Gençler İçin Unity ile Oyun Geliştirme Yüz Yüze Eğitimi 8 ay,cocuk-ve-gencler-icin-unity-ile-oyun-gelistirme-yuz-yuze-egitimi-8-ay-1419,1419,Ders İçerikleri: 720,/urun/cocuk-ve-gencler-icin-unity-ile-oyun-gelistirme-yuz-yuze-egitimi-8-ay-1419/
Çocuklar İçin Canlı (Online) Yazılım Kursu,cocuklar-icin-canli-online-yazilim-kursu-1357,1357,Ders İçerikleri: 1106,/urun/cocuklar-icin-canli-online-yazilim-kursu-1357/
Çocuklar için Minecraft ile Kodlama Eğitimi 2 ay,cocuklar-icin-minecraft-ile-kodlama-egitimi-2-ay-1692,1692,DERS İÇERİKLERİ: 1918,/urun/cocuklar-icin-minecraft-ile-kodlama-egitimi-2-ay-1692/
Çocuklar İçin Yüz Yüze Yazılım Kursu 3 ay,cocuklar-icin-yuz-yuze-yazilim-kursu-3-ay-1356,1356,Ders İçerikleri: 1101,/urun/cocuklar-icin-yuz-yuze-yazilim-kursu-3-ay-1356/
Çocuklar ve Gençler İçin Yazılım Uzmanlığı Eğitimi Canlı (Online) 2 ay,cocuklar-ve-gencler-icin-yazilim-uzmanligi-egitimi-canli-online-2-ay-1590,1590,Ders İçerikleri: 1720,/urun/cocuklar-ve-gencler-icin-yazilim-uzmanligi-egitimi-canli-online-2-ay-1590/
Çocuklar ve Gençler İçin Yazılım Uzmanlığı Eğitimi Canlı (Online) 4 ay,cocuklar-ve-gencler-icin-yazilim-uzmanligi-egitimi-canli-online-4-ay-1588,1588,Ders İçerikleri: 1720,/urun/cocuklar-ve-gencler-icin-yazilim-uzmanligi-egitimi-canli-online-4-ay-1588/
Çocuklar ve Gençler İçin Yazılım Uzmanlığı Eğitimi Canlı (Online) 8 ay,cocuklar-ve-gencler-icin-yazilim-uzmanligi-egitimi-canli-online-8-ay-1589,1589,Ders İçerikleri: 1720,/urun/cocuklar-ve-gencler-icin-yazilim-uzmanligi-egitimi-canli-online-8-ay-1589/
Desinatörlük Canlı (Online) Eğitimi 2 ay,desinatorluk-canli-online-egitimi-2-ay-1627,1627,Ders İçerikleri: 105; Detaylı Müfredat: 579,/urun/desinatorluk-canli-online-egitimi-2-ay-1627/
Desinatörlük Eğitimi Özel Ders 20 SAAT,desinatorluk-egitimi-ozel-ders-20-saat-1413,1413,Ders İçerikleri: 1219; Detaylı Müfredat: 1713,/urun/desinatorluk-egitimi-ozel-ders-20-saat-1413/
Desinatörlük Eğitimi Özel Ders 30 SAAT,desinatorluk-egitimi-ozel-ders-30-saat-1414,1414,Ders İçerikleri: 1219; Detaylı Müfredat: 1713,/urun/desinatorluk-egitimi-ozel-ders-30-saat-1414/
Desinatörlük Yüz Yüze Eğitimi 2 ay,desinatorluk-yuz-yuze-egitimi-2-ay-1628,1628,Ders İçerikleri: 189; Detaylı Müfredat: 577,/urun/desinatorluk-yuz-yuze-egitimi-2-ay-1628/
Film ve Animasyon için Storyboard Canlı (Online) Eğitimi 2 ay,film-ve-animasyon-icin-storyboard-canli-online-egitimi-2-ay-1443,1443,Ders İçerikleri: 77; Detaylı Müfredat: 649,/urun/film-ve-animasyon-icin-storyboard-canli-online-egitimi-2-ay-1443/
Film ve Animasyon için Storyboard Yüz Yüze Eğitimi 2 ay,film-ve-animasyon-icin-storyboard-yuz-yuze-egitimi-2-ay-1366,1366,Ders İçerikleri: 648; Detaylı Müfredat: 646,/urun/film-ve-animasyon-icin-storyboard-yuz-yuze-egitimi-2-ay-1366/
Flutter İle Mobil Uygulama Geliştirme Canlı (Online) Eğitimi 4 ay,flutter-ile-mobil-uygulama-gelistirme-canli-online-egitimi-4-ay-1278,1278,Ders İçerikleri: 97; Detaylı Müfredat: 591,/urun/flutter-ile-mobil-uygulama-gelistirme-canli-online-egitimi-4-ay-1278/
Flutter İle Mobil Uygulama Geliştirme Yüz Yüze Eğitimi 4 ay,flutter-ile-mobil-uygulama-gelistirme-yuz-yuze-egitimi-4-ay-1238,1238,Ders İçerikleri: 550; Detaylı Müfredat: 593,/urun/flutter-ile-mobil-uygulama-gelistirme-yuz-yuze-egitimi-4-ay-1238/
Flutter İle Mobil Uygulama Geliştirme Yüz Yüze Özel Ders 40 SAAT,flutter-ile-mobil-uygulama-gelistirme-yuz-yuze-ozel-ders-40-saat-1343,1343,DERS İÇERİKLERİ: 1413,/urun/flutter-ile-mobil-uygulama-gelistirme-yuz-yuze-ozel-ders-40-saat-1343/
Front-End Development Online(Canlı) Eğitimi 4 ay,front-end-development-onlinecanli-egitimi-4-ay-1213,1213,Ders İçerikleri: 476,/urun/front-end-development-onlinecanli-egitimi-4-ay-1213/
Front-End Development Yüz Yüze Eğitimi 4 ay,front-end-development-yuz-yuze-egitimi-4-ay-1212,1212,Ders İçerikleri: 634,/urun/front-end-development-yuz-yuze-egitimi-4-ay-1212/
Full Stack Development Canlı ( Online ) Eğitim,full-stack-development-canli-online-egitim-1563,1563,Ders İçerikleri: 758,/urun/full-stack-development-canli-online-egitim-1563/
Full Stack Development Yüz Yüze Eğitim (Staj Garantili) 10 ay,full-stack-development-yuz-yuze-egitim-staj-garantili-10-ay-1564,1564,Ders İçerikleri: 754,/urun/full-stack-development-yuz-yuze-egitim-staj-garantili-10-ay-1564/
Gelişmiş AutoCAD Elektrik Projeciliği Eğitimi (Yapı Denetim Odaklı – Uygulamalı) 20 SAAT,gelismis-autocad-elektrik-projeciligi-egitimi-yapi-denetim-odakli-uygulamali-20-saat-1636,1636,Ders İçerikleri: 1829,/urun/gelismis-autocad-elektrik-projeciligi-egitimi-yapi-denetim-odakli-uygulamali-20-saat-1636/
Grafik Tasarım Ve Video Efekt Canlı (Online) Eğitimi 8 ay (Staj Garantili),grafik-tasarim-ve-video-efekt-canli-online-egitimi-8-ay-staj-garantili-1181,1181,Ders İçerikleri: 109; Detaylı Müfredat: 574,/urun/grafik-tasarim-ve-video-efekt-canli-online-egitimi-8-ay-staj-garantili-1181/
Grafik Tasarım ve Video Efekt Uzmanlığı Canlı (Online) Eğitimi (Staj Garantili),grafik-tasarim-ve-video-efekt-canli-online-egitimi,564,Ders İçerikleri: 109; Detaylı Müfredat: 574,/urun/grafik-tasarim-ve-video-efekt-canli-online-egitimi/
Grafik Tasarım ve Video Efekt Uzmanlığı Canlı (Online) Eğitimi 4 ay,grafik-tasarim-ve-video-efekt-uzmanligi-canli-online-egitimi-4-ay-1488,1488,DERS İÇERİKLERİ: 1268; Detaylı Müfredat: 1269,/urun/grafik-tasarim-ve-video-efekt-uzmanligi-canli-online-egitimi-4-ay-1488/
Grafik Tasarım ve Video Efekt Uzmanlığı Canlı (Online) Eğitimi 8 ay,grafik-tasarim-ve-video-efekt-uzmanligi-canli-online-egitimi-8-ay-1487,1487,DERS İÇERİKLERİ: 1268; Detaylı Müfredat: 1269,/urun/grafik-tasarim-ve-video-efekt-uzmanligi-canli-online-egitimi-8-ay-1487/
Grafik Tasarım ve Video Efekt Uzmanlığı Canlı (Online) Eğitimi (Staj Garantili),grafik-tasarim-ve-video-efekt-uzmanligi-canli-online-egitimi,564,Ders İçerikleri: 109; Detaylı Müfredat: 574,/urun/grafik-tasarim-ve-video-efekt-uzmanligi-canli-online-egitimi/
Grafik Tasarım ve Video Efekt Uzmanlığı (Yüz Yüze) Eğitimi 4 ay,grafik-tasarim-ve-video-efekt-uzmanligi-yuz-yuze-egitimi-4-ay-1491,1491,DERS İÇERİKLERİ: 1276; Detaylı Müfredat: 1277,/urun/grafik-tasarim-ve-video-efekt-uzmanligi-yuz-yuze-egitimi-4-ay-1491/
Grafik Tasarım ve Video Efekt Uzmanlığı (Yüz Yüze) Eğitimi 8 ay,grafik-tasarim-ve-video-efekt-uzmanligi-yuz-yuze-egitimi-8-ay-1490,1490,DERS İÇERİKLERİ: 1276; Detaylı Müfredat: 1277,/urun/grafik-tasarim-ve-video-efekt-uzmanligi-yuz-yuze-egitimi-8-ay-1490/
Grafik Tasarım ve Video Efekt Uzmanlığı (Yüz Yüze) Eğitimi (Staj Garantili),grafik-tasarim-ve-video-efekt-uzmanligi-yuz-yuze-egitimi,613,Ders İçerikleri: 571; Detaylı Müfredat: 572,/urun/grafik-tasarim-ve-video-efekt-uzmanligi-yuz-yuze-egitimi/
Grafik Tasarım Ve Video Efekt Yüz Yüze Eğitimi 8 ay (Staj Garantili),grafik-tasarim-ve-video-efekt-yuz-yuze-egitimi-8-ay-staj-garantili-1217,1217,Ders İçerikleri: 571; Detaylı Müfredat: 572,/urun/grafik-tasarim-ve-video-efekt-yuz-yuze-egitimi-8-ay-staj-garantili-1217/
Grafik Tasarım ve Video Efekt Uzmanlığı (Yüz Yüze) Eğitimi (Staj Garantili),grafik-tasarim-ve-video-efekt-yuz-yuze-egitimi,613,Ders İçerikleri: 571; Detaylı Müfredat: 572,/urun/grafik-tasarim-ve-video-efekt-yuz-yuze-egitimi/
İç Mimarlık ve Dekorasyon Eğitimi 100 Saat,ic-mimarlik-ve-dekorasyon-egitimi-100-saat-1248,1248,Ders İçerikleri: 1525,/urun/ic-mimarlik-ve-dekorasyon-egitimi-100-saat-1248/
"IT Temelli Siber Güvenlik Uzmanlığı Eğitimi (SOC, SIEM, Web Güvenliği & Ethical Hacking) - Online 8 ay",it-temelli-siber-guvenlik-uzmanligi-egitimi-soc-siem-web-guvenligi-ethical-hacking-online-8-ay-1648,1648,Ders İçerikleri: 1843,/urun/it-temelli-siber-guvenlik-uzmanligi-egitimi-soc-siem-web-guvenligi-ethical-hacking-online-8-ay-1648/
Java Yazılım Eğitimi (Online) 3 ay,java-yazilim-egitimi-online-3-ay-1280,1280,Ders İçerikleri: 652; Detaylı Müfredat: 674,/urun/java-yazilim-egitimi-online-3-ay-1280/
Java Yazılım Eğitimi (Yüz Yüze) 3 ay,java-yazilim-egitimi-yuz-yuze-3-ay-1282,1282,Ders İçerikleri: 315; Detaylı Müfredat: 673,/urun/java-yazilim-egitimi-yuz-yuze-3-ay-1282/
Marvelous Designer ile Giysi Tasarımı Yüz Yüze Eğitimi 2 ay,marvelous-designer-ile-giysi-tasarimi-yuz-yuze-egitimi-2-ay-1369,1369,Ders İçerikleri: 197,/urun/marvelous-designer-ile-giysi-tasarimi-yuz-yuze-egitimi-2-ay-1369/
Mimarlık & İç Mimarlık için 3D Tasarım ve Görselleştirme Eğitimi Online 120 SAAT,mimarlik-ic-mimarlik-icin-3d-tasarim-ve-gorsellestirme-egitimi-online-120-saat-1551,1551,Ders İçerikleri: 1587; Ders Özeti: 1588; Eğitim Kazanımları: 1593,/urun/mimarlik-ic-mimarlik-icin-3d-tasarim-ve-gorsellestirme-egitimi-online-120-saat-1551/
Mimarlık & İç Mimarlık için 3D Tasarım ve Görselleştirme Eğitimi Yüz Yüze 120 Saat,mimarlik-ic-mimarlik-icin-3d-tasarim-ve-gorsellestirme-egitimi-yuz-yuze-120-saat-1505,1505,Ders İçerikleri: 1526; Program Özeti: 1313; Program Kazanımları: 1314,/urun/mimarlik-ic-mimarlik-icin-3d-tasarim-ve-gorsellestirme-egitimi-yuz-yuze-120-saat-1505/
Profesyonel 3B Modelleme & Dijital Sanat Programı Online 4 Ay,profesyonel-3b-modelleme-dijital-sanat-programi-online-4-ay-1196,1196,Ders İçerikleri: 45,/urun/profesyonel-3b-modelleme-dijital-sanat-programi-online-4-ay-1196/
Profesyonel 3B Modelleme & Dijital Sanat Programı Yüz Yüze 4 Ay,profesyonel-3b-modelleme-dijital-sanat-programi-yuz-yuze-4-ay-1493,1493,DERS İÇERİKLERİ: 1287,/urun/profesyonel-3b-modelleme-dijital-sanat-programi-yuz-yuze-4-ay-1493/
Python İle Yapay Zeka | Makine Öğrenimi Kursu 3 ay,python-ile-yapay-zeka-makine-ogrenimi-kursu-3-ay-1237,1237,Ders İçerikleri: 1111,/urun/python-ile-yapay-zeka-makine-ogrenimi-kursu-3-ay-1237/
Revit Eğitimi Online 50 Saat,revit-egitimi-online-50-saat-1580,1580,Ders İçerikleri: 1650; Detaylı Müfredat: 1498,/urun/revit-egitimi-online-50-saat-1580/
Revit Eğitimi Yüz Yüze 50 Saat,revit-egitimi-yuz-yuze-50-saat-1582,1582,Ders İçerikleri: 1650; Detaylı Müfredat: 1498,/urun/revit-egitimi-yuz-yuze-50-saat-1582/
Siber Güvenlik Eğitimi 4 Ay,siber-guvenlik-egitimi-4-ay-1463,1463,Ders İçerikleri: 1795,/urun/siber-guvenlik-egitimi-4-ay-1463/
Siber Güvenlik Uzmanlığı ve Etichal Hacking Canlı (Online) Eğitimi 4 ay,siber-guvenlik-uzmanligi-ve-etichal-hacking-canli-online-egitimi-4-ay-1354,1354,Ders İçerikleri: 1007,/urun/siber-guvenlik-uzmanligi-ve-etichal-hacking-canli-online-egitimi-4-ay-1354/
Siber Güvenlik Uzmanlığı ve Etichal Hacking Canlı (Online) Eğitimi Özel Ders 60 SAAT,siber-guvenlik-uzmanligi-ve-etichal-hacking-canli-online-egitimi-ozel-ders-60-saat-1385,1385,Ders İçerikleri: 1626,/urun/siber-guvenlik-uzmanligi-ve-etichal-hacking-canli-online-egitimi-ozel-ders-60-saat-1385/
Siber Güvenlik Uzmanlığı ve Etichal Hacking (Yüz Yüze) Eğitimi 4 ay,siber-guvenlik-uzmanligi-ve-etichal-hacking-yuz-yuze-egitimi-4-ay-1360,1360,Ders İçerikleri: 1002,/urun/siber-guvenlik-uzmanligi-ve-etichal-hacking-yuz-yuze-egitimi-4-ay-1360/
Sıfırdan Zirveye: 3 Aylık Yapay Zeka Destekli Yazılım ve Proje Geliştirme Eğitimi (Yüz Yüze) 3 Ay,sifirdan-zirveye-3-aylik-yapay-zeka-destekli-yazilim-ve-proje-gelistirme-egitimi-yuz-yuze-3-ay-1677,1677,DERS İÇERİKLERİ: 1888,/urun/sifirdan-zirveye-3-aylik-yapay-zeka-destekli-yazilim-ve-proje-gelistirme-egitimi-yuz-yuze-3-ay-1677/
Solidworks ile Endüstriyel Ürün Tasarımı Uzmanlığı Canlı (Online) Eğitimi 20 Saat,solidworks-ile-endustriyel-urun-tasarimi-uzmanligi-canli-online-egitimi-20-saat-1226,1226,Ders İçerikleri: 141,/urun/solidworks-ile-endustriyel-urun-tasarimi-uzmanligi-canli-online-egitimi-20-saat-1226/
Solidworks ile Endüstriyel Ürün Tasarımı Yüz Yüze Eğitimi 20 SAAT,solidworks-ile-endustriyel-urun-tasarimi-yuz-yuze-egitimi-20-saat-1606,1606,Ders İçerikleri: 1118,/urun/solidworks-ile-endustriyel-urun-tasarimi-yuz-yuze-egitimi-20-saat-1606/
Sosyal Medya ve Google Reklamcılığı Canlı (Online) Eğitimi 10 saat,sosyal-medya-ve-google-reklamciligi-canli-online-egitimi-10-saat-1561,1561,Ders İçerikleri: 997,/urun/sosyal-medya-ve-google-reklamciligi-canli-online-egitimi-10-saat-1561/
Sosyal Medya ve Google Reklamcılığı Canlı (Online) Eğitimi 20 SAAT,sosyal-medya-ve-google-reklamciligi-canli-online-egitimi-20-saat-1556,1556,Ders İçerikleri: 997,/urun/sosyal-medya-ve-google-reklamciligi-canli-online-egitimi-20-saat-1556/
Sosyal Medya ve Google Reklamcılığı Yüz Yüze Eğitimi 10 saat,sosyal-medya-ve-google-reklamciligi-yuz-yuze-egitimi-10-saat-1557,1557,Ders İçerikleri: 1598,/urun/sosyal-medya-ve-google-reklamciligi-yuz-yuze-egitimi-10-saat-1557/
Sosyal Medya ve Google Reklamcılığı Yüz Yüze Eğitimi 20 Saat,sosyal-medya-ve-google-reklamciligi-yuz-yuze-egitimi-20-saat-1562,1562,Ders İçerikleri: 1598,/urun/sosyal-medya-ve-google-reklamciligi-yuz-yuze-egitimi-20-saat-1562/
SQL İle Veri Tabanı Yönetimi Canlı (Online) Eğitimi,sql-ile-veri-tabani-yonetimi-canli-online-egitimi-1274,1274,Ders İçerikleri: 704,/urun/sql-ile-veri-tabani-yonetimi-canli-online-egitimi-1274/
SQL İle Veri Tabanı Yönetimi Eğitimi Yüz Yüze 1 ay,sql-ile-veri-tabani-yonetimi-egitimi-yuz-yuze-1-ay-1607,1607,Ders İçerikleri: 1225,/urun/sql-ile-veri-tabani-yonetimi-egitimi-yuz-yuze-1-ay-1607/
Substance 3D Painter Canlı (Online) Eğitimi 20 SAAT,substance-3d-painter-canli-online-egitimi-20-saat-1621,1621,Ders İçerikleri: 93,/urun/substance-3d-painter-canli-online-egitimi-20-saat-1621/
Substance 3D Painter Yüz Yüze Eğitimi - 20 SAAT,substance-3d-painter-yuz-yuze-egitimi-20-saat-1197,1197,Ders İçerikleri: 202,/urun/substance-3d-painter-yuz-yuze-egitimi-20-saat-1197/
UI/UX Tasarım Eğitimi Canlı (Online) Eğitimi 4 ay,uiux-tasarim-egitimi-canli-online-egitimi-4-ay-1515,1515,DERS İÇERİKLERİ: 1345; DERS İÇERİKLERİ: 1338,/urun/uiux-tasarim-egitimi-canli-online-egitimi-4-ay-1515/
UI/UX Tasarım Eğitimi Canlı (Online) Eğitimi 8 ay,uiux-tasarim-egitimi-canli-online-egitimi-8-ay-1516,1516,DERS İÇERİKLERİ: 1343; DERS İÇERİKLERİ: 1338,/urun/uiux-tasarim-egitimi-canli-online-egitimi-8-ay-1516/
Unity ile Oyun Geliştirme Canlı (Online) Eğitimi 4 ay,unity-ile-oyun-gelistirme-canli-online-egitimi-4-ay-1480,1480,DERS İÇERİKLERİ: 1249,/urun/unity-ile-oyun-gelistirme-canli-online-egitimi-4-ay-1480/
Unity ile Oyun Geliştirme Canlı (Online) Eğitimi 8 ay,unity-ile-oyun-gelistirme-canli-online-egitimi-8-ay-1479,1479,DERS İÇERİKLERİ: 1249,/urun/unity-ile-oyun-gelistirme-canli-online-egitimi-8-ay-1479/
Unity ile Oyun Geliştirme Canlı (Online) Eğitimi (Staj Garantili) 10 ay,unity-ile-oyun-gelistirme-canli-online-egitimi-staj-garantili-10-ay-1576,1576,Ders İçerikleri: 73,/urun/unity-ile-oyun-gelistirme-canli-online-egitimi-staj-garantili-10-ay-1576/
Unity ile Oyun Geliştirme Canlı (Online) Eğitimi (Staj Garantili),unity-ile-oyun-gelistirme-canli-online-egitimi,17,Ders İçerikleri: 73,/urun/unity-ile-oyun-gelistirme-canli-online-egitimi/
Unity ile Oyun Geliştirme Online Özel Ders 30 SAAT,unity-ile-oyun-gelistirme-online-ozel-ders-30-saat-1415,1415,DERS İÇERİKLERİ: 1438,/urun/unity-ile-oyun-gelistirme-online-ozel-ders-30-saat-1415/
Unity ile Oyun Geliştirme Online Özel Ders 60 SAAT,unity-ile-oyun-gelistirme-online-ozel-ders-60-saat-1416,1416,DERS İÇERİKLERİ: 1438,/urun/unity-ile-oyun-gelistirme-online-ozel-ders-60-saat-1416/
Unity ile Oyun Geliştirme Yüz Yüze Eğitimi 4 ay,unity-ile-oyun-gelistirme-yuz-yuze-egitimi-4-ay-1483,1483,DERS İÇERİKLERİ: 1255,/urun/unity-ile-oyun-gelistirme-yuz-yuze-egitimi-4-ay-1483/
Unity ile Oyun Geliştirme Yüz Yüze Eğitimi 8 ay,unity-ile-oyun-gelistirme-yuz-yuze-egitimi-8-ay-1482,1482,DERS İÇERİKLERİ: 1255,/urun/unity-ile-oyun-gelistirme-yuz-yuze-egitimi-8-ay-1482/
Unity ile Oyun Geliştirme Yüz Yüze Eğitimi (Staj Garantili) 10 ay,unity-ile-oyun-gelistirme-yuz-yuze-egitimi-staj-garantili-10-ay-1575,1575,Ders İçerikleri: 154,/urun/unity-ile-oyun-gelistirme-yuz-yuze-egitimi-staj-garantili-10-ay-1575/
Unity ile Oyun Geliştirme Yüz Yüze Özel Ders 30 SAAT,unity-ile-oyun-gelistirme-yuz-yuze-ozel-ders-30-saat-1069,1069,Ders İçerikleri: 738,/urun/unity-ile-oyun-gelistirme-yuz-yuze-ozel-ders-30-saat-1069/
Unity ile Oyun Geliştirme Yüz yüze Özel Ders 50 Saat,unity-ile-oyun-gelistirme-yuz-yuze-ozel-ders-50-saat-1669,1669,Ders İçerikleri: 1513,/urun/unity-ile-oyun-gelistirme-yuz-yuze-ozel-ders-50-saat-1669/
Unity ile Oyun Geliştirme Yüz Yüze Özel Ders 60 SAAT,unity-ile-oyun-gelistirme-yuz-yuze-ozel-ders-60-saat-1070,1070,Ders İçerikleri: 738,/urun/unity-ile-oyun-gelistirme-yuz-yuze-ozel-ders-60-saat-1070/
Unreal Engine 5 Görselleştirme ve Animasyon Yüz Yüze Eğitim 4 ay,unreal-engine-5-gorsellestirme-ve-animasyon-yuz-yuze-egitim-4-ay-1407,1407,Ders İçerikleri: 689,/urun/unreal-engine-5-gorsellestirme-ve-animasyon-yuz-yuze-egitim-4-ay-1407/
Unreal Engine ile Metaverse Geliştirme Online / Canlı Eğitim 4 ay,unreal-engine-ile-metaverse-gelistirme-online-canli-egitim-4-ay-1410,1410,Ders İçerikleri: 614; Detaylı Müfredat: 600,/urun/unreal-engine-ile-metaverse-gelistirme-online-canli-egitim-4-ay-1410/
Unreal Engine ile Metaverse Geliştirme Yüz Yüze Eğitim 4 ay,unreal-engine-ile-metaverse-gelistirme-yuz-yuze-egitim-4-ay-1409,1409,Ders İçerikleri: 615; Detaylı Müfredat: 601,/urun/unreal-engine-ile-metaverse-gelistirme-yuz-yuze-egitim-4-ay-1409/
Unreal Engine ile Oyun Geliştirme: 150 Saatlik Kapsamlı Blueprint Müfredatı (ONLİNE),unreal-engine-ile-oyun-gelistirme-150-saatlik-kapsamli-blueprintmufredati-online-1336,1336,Ders İçerkileri: 622; Detaylı Müfredat: 623,/urun/unreal-engine-ile-oyun-gelistirme-150-saatlik-kapsamli-blueprintmufredati-online-1336/
Unreal Engine ile Oyun Geliştirme: 150 Saatlik Kapsamlı Blueprint Müfredatı (Yüz Yüze Eğitim),unreal-engine-ile-oyun-gelistirme-150-saatlik-kapsamli-blueprintmufredati-yuz-yuze-egitim-1411,1411,Ders İçerikleri: 1116; Detaylı Müfredat: 1532,/urun/unreal-engine-ile-oyun-gelistirme-150-saatlik-kapsamli-blueprintmufredati-yuz-yuze-egitim-1411/
Unreal Engine ile Sanal Gerçeklik Online / Canlı Eğitim 4 ay,unreal-engine-ile-sanal-gerceklik-online-canli-egitim-4-ay-1406,1406,Detaylı Müfredat: 258,/urun/unreal-engine-ile-sanal-gerceklik-online-canli-egitim-4-ay-1406/
Unreal Engine ile Sanal Gerçeklik Özel Ders Online / Canlı Eğitim,unreal-engine-ile-sanal-gerceklik-ozel-ders-online-canli-egitim-1408,1408,Detaylı Müfredat: 732,/urun/unreal-engine-ile-sanal-gerceklik-ozel-ders-online-canli-egitim-1408/
Unreal Engine ile Sanal Gerçeklik VR Özel Ders Online / Canlı Eğitim 25 SAAT,unreal-engine-ile-sanal-gerceklik-vr-ozel-ders-online-canli-egitim-25-saat-1508,1508,Detaylı Müfredat: 1478,/urun/unreal-engine-ile-sanal-gerceklik-vr-ozel-ders-online-canli-egitim-25-saat-1508/
Unreal Engine ile Sanal Gerçeklik VR Özel Ders Online / Canlı Eğitim 50 SAAT,unreal-engine-ile-sanal-gerceklik-vr-ozel-ders-online-canli-egitim-50-saat-1509,1509,Detaylı Müfredat: 1478,/urun/unreal-engine-ile-sanal-gerceklik-vr-ozel-ders-online-canli-egitim-50-saat-1509/
Unreal Engine ile Sanal Gerçeklik VR Özel Ders Yüz Yüze Eğitim 50 SAAT,unreal-engine-ile-sanal-gerceklik-vr-ozel-ders-yuz-yuze-egitim-50-saat-1338,1338,Detaylı Müfredat: 1466,/urun/unreal-engine-ile-sanal-gerceklik-vr-ozel-ders-yuz-yuze-egitim-50-saat-1338/
Unreal Engine ile Sanal Gerçeklik Yüz Yüze Eğitim 4 ay,unreal-engine-ile-sanal-gerceklik-yuz-yuze-egitim-4-ay-1405,1405,Detaylı Müfredat: 602,/urun/unreal-engine-ile-sanal-gerceklik-yuz-yuze-egitim-4-ay-1405/
Web Programlama ve Tasarım - Online(Canlı) Eğitim 3 ay,web-programlama-ve-tasarim-onlinecanli-egitim-3-ay-1163,1163,Ders İçerikleri: 278,/urun/web-programlama-ve-tasarim-onlinecanli-egitim-3-ay-1163/
Web Programlama ve Tasarım - Yüz yüze Eğitim 2 ay,web-programlama-ve-tasarim-yuz-yuze-egitim-2-ay-1342,1342,DERS İÇERİKLERİ: 1406,/urun/web-programlama-ve-tasarim-yuz-yuze-egitim-2-ay-1342/
Yapay Zeka Destekli Unity ile Oyun Geliştirme Eğitimi (Online) 3 Ay,yapay-zeka-destekli-unity-ile-oyun-gelistirme-egitimi-online-3-ay-1683,1683,DERS İÇERİKLERİ: 1903,/urun/yapay-zeka-destekli-unity-ile-oyun-gelistirme-egitimi-online-3-ay-1683/
Yapay Zeka Destekli Unity ile Oyun Geliştirme Eğitimi (Yüz Yüze) 3 Ay,yapay-zeka-destekli-unity-ile-oyun-gelistirme-egitimi-yuz-yuze-3-ay-1681,1681,DERS İÇERİKLERİ: 1898,/urun/yapay-zeka-destekli-unity-ile-oyun-gelistirme-egitimi-yuz-yuze-3-ay-1681/
Yazılım Eğitimi Özel Ders Yüz Yüze Eğitimi 30 SAAT,yazilim-egitimi-ozel-ders-yuz-yuze-egitimi-30-saat-1346,1346,DERS İÇERİKLERİ: 1429,/urun/yazilim-egitimi-ozel-ders-yuz-yuze-egitimi-30-saat-1346/
Yazılım Test Otomasyonu Canlı (Online) Eğitimi 10 ay Staj Garantili,yazilim-test-otomasyonu-canli-online-egitimi-10-ay-staj-garantili-1324,1324,Ders İçerikleri: 1621,/urun/yazilim-test-otomasyonu-canli-online-egitimi-10-ay-staj-garantili-1324/
Yazılım Test Otomasyonu Canlı (Online) Eğitimi 4 ay,yazilim-test-otomasyonu-canli-online-egitimi-4-ay-1455,1455,DERS İÇERİKLERİ: 1319,/urun/yazilim-test-otomasyonu-canli-online-egitimi-4-ay-1455/
Yazılım Test Otomasyonu Canlı (Online) Eğitimi 8 Ay,yazilim-test-otomasyonu-canli-online-egitimi-8-ay-1456,1456,DERS İÇERİKLERİ: 1319,/urun/yazilim-test-otomasyonu-canli-online-egitimi-8-ay-1456/
Yazılım Test Otomasyonu Online(Canlı),yazilim-test-otomasyonu-onlinecanli-1007,1007,Ders İçerikleri: 929; Ders İçerikleri: 242,/urun/yazilim-test-otomasyonu-onlinecanli-1007/
Yazılım Test Otomasyonu Online(Canlı) Özel Ders 60 saat,yazilim-test-otomasyonu-onlinecanli-ozel-ders-60-saat-1177,1177,Ders İçerikleri: 694,/urun/yazilim-test-otomasyonu-onlinecanli-ozel-ders-60-saat-1177/
Yazılım Test Otomasyonu Özel Ders 20 SAAT,yazilim-test-otomasyonu-ozel-ders-20-saat-1610,1610,Ders İçerikleri: 1764,/urun/yazilim-test-otomasyonu-ozel-ders-20-saat-1610/
Yazılım Test Otomasyonu Yüz Yüze Eğitimi 150 SAAT,yazilim-test-otomasyonu-yuz-yuze-egitimi-150-saat-1006,1006,Ders İçerikleri: 925; Ders İçerikleri: 242,/urun/yazilim-test-otomasyonu-yuz-yuze-egitimi-150-saat-1006/
Yazılım Test Otomasyonu Yüz Yüze Eğitimi,yazilim-test-otomasyonu-yuz-yuze-egitimi,603,Ders İçerikleri: 242,/urun/yazilim-test-otomasyonu-yuz-yuze-egitimi/
Yazılım Uzmalığı Yüz Yüze Eğitim Staj Garantili 10 ay,yazilim-uzmaligi-yuz-yuze-egitim-staj-garantili-10-ay-1574,1574,DERS İÇERİKLERİ: 1354,/urun/yazilim-uzmaligi-yuz-yuze-egitim-staj-garantili-10-ay-1574/
Yazılım Uzmanlığı Canlı (Online) Eğitim 10 ay (Staj Garantili),yazilim-uzmanligi-canli-online-egitim-10-ay-staj-garantili-1206,1206,Ders İçerikleri: 252,/urun/yazilim-uzmanligi-canli-online-egitim-10-ay-staj-garantili-1206/
Yazılım Uzmanlığı Canlı (Online) Eğitim 4 ay,yazilim-uzmanligi-canli-online-egitim-4-ay-1472,1472,DERS İÇERİKLERİ: 1261,/urun/yazilim-uzmanligi-canli-online-egitim-4-ay-1472/
Yazılım Uzmanlığı Canlı (Online) Eğitim 8 ay,yazilim-uzmanligi-canli-online-egitim-8-ay-1471,1471,DERS İÇERİKLERİ: 1261,/urun/yazilim-uzmanligi-canli-online-egitim-8-ay-1471/
Yazılım Uzmanlığı Yüz Yüze Eğitim 4 ay,yazilim-uzmanligi-yuz-yuze-egitim-4-ay-1475,1475,DERS İÇERİKLERİ: 1244,/urun/yazilim-uzmanligi-yuz-yuze-egitim-4-ay-1475/
Yazılım Uzmanlığı Yüz Yüze Eğitim 8 ay,yazilim-uzmanligi-yuz-yuze-egitim-8-ay-1474,1474,DERS İÇERİKLERİ: 1244,/urun/yazilim-uzmanligi-yuz-yuze-egitim-8-ay-1474/
Yazılım Uzmanlığı Yüz Yüze Eğitimi 10 Ay (Staj Garantili),yazilim-uzmanligi-yuz-yuze-egitimi-10-ay-staj-garantili-1334,1334,Ders İçerikleri: 250,/urun/yazilim-uzmanligi-yuz-yuze-egitimi-10-ay-staj-garantili-1334/
ZBrush ile Kuyumculuk ve Takı Tasarımı Eğitimi Online 3 ay,zbrush-ile-kuyumculuk-ve-taki-tasarimi-egitimi-online-3-ay-1538,1538,Ders İçerikleri: 161,/urun/zbrush-ile-kuyumculuk-ve-taki-tasarimi-egitimi-online-3-ay-1538/
ZBrush ile Kuyumculuk ve Takı Tasarımı Eğitimi Yüz Yüze 3 ay,zbrush-ile-kuyumculuk-ve-taki-tasarimi-egitimi-yuz-yuze-3-ay-1537,1537,Ders İçerikleri: 1570; Detaylı Müfredat: 1542,/urun/zbrush-ile-kuyumculuk-ve-taki-tasarimi-egitimi-yuz-yuze-3-ay-1537/
ZBrush ile Organik Modelleme Canlı (Yüz Yüze) Özel Ders 30 SAAT,zbrush-ile-organik-modelleme-canli-yuz-yuze-ozel-ders-30-saat-1534,1534,Ders İçerikleri: 1566,/urun/zbrush-ile-organik-modelleme-canli-yuz-yuze-ozel-ders-30-saat-1534/
ZBrush ile Organik Modelleme Online Eğitimi 20 SAAT,zbrush-ile-organik-modelleme-online-egitimi-20-saat-1642,1642,Ders İçerikleri: 1537,/urun/zbrush-ile-organik-modelleme-online-egitimi-20-saat-1642/
ZBrush ile Organik Modelleme Yüz Yüze Eğitimi 2 ay,zbrush-ile-organik-modelleme-yuz-yuze-egitimi-2-ay-1530,1530,Ders İçerikleri: 161,/urun/zbrush-ile-organik-modelleme-yuz-yuze-egitimi-2-ay-1530/
